ID Cliente,Nº Productos,Saldo Promedio,Fecha Alta,Activo (Sí/No)
1,4,59219.53,2020-07-19,Sí
2,2,180500.75,2025-01-25,Sí
3,4,31923.81,2019-10-05,Sí
4,2,242930.14,2023-09-09,Sí
5,2,244899.5,2022-01-14,No
6,4,41253.43,2024-02-29,Sí
7,5,34944.48,2016-02-22,Sí
8,4,109052.01,2021-06-16,Sí
9,2,241283.99,2021-07-29,No
10,3,106074.62,2017-11-10,Sí
11,3,97312.51,2018-12-11,Sí
12,1,178860.41,2021-03-11,Sí
13,3,52895.5,2023-04-04,Sí
14,5,97197.64,2019-01-19,Sí
15,2,79913.79,2022-07-23,Sí
16,4,154368.31,2017-03-04,Sí
17,4,49060.69,2019-04-03,Sí
18,5,141688.3,2022-02-28,No
19,3,215811.18,2022-12-02,Sí
20,2,133400.93,2018-09-26,Sí
21,3,174039.19,2021-03-09,Sí
22,1,28059.52,2022-04-20,Sí
23,3,117761.34,2025-03-05,Sí
24,1,32774.36,2017-08-04,Sí
25,4,153870.8,2021-08-18,Sí
26,2,77453.05,2018-01-09,Sí
27,1,78943.8,2023-03-07,Sí
28,3,28424.02,2020-06-01,Sí
29,3,84457.09,2018-11-06,Sí
30,4,131602.52,2022-06-17,Sí
31,5,150318.42,2019-06-03,Sí
32,5,25999.73,2017-03-30,Sí
33,3,166350.2,2025-05-23,Sí
34,5,127330.18,2015-08-09,Sí
35,2,138857.92,2024-03-18,Sí
36,5,209871.2,2023-06-05,Sí
37,2,92134.35,2021-10-24,Sí
38,3,51772.27,2024-09-19,Sí
39,3,142434.44,2016-12-12,Sí
40,3,236805.26,2025-04-23,No
41,4,134288.71,2017-08-03,Sí
42,5,209658.92,2016-04-29,Sí
43,1,191687.69,2016-04-10,Sí
44,1,134399.39,2016-04-17,Sí
45,3,165413.15,2016-12-18,Sí
46,5,107603.24,2016-03-01,Sí
47,2,137350.89,2016-10-17,No
48,1,131748.58,2019-05-24,Sí
49,3,180186.49,2017-06-14,Sí
50,1,108395.52,2019-10-12,Sí
51,1,33944.11,2019-12-27,Sí
52,1,199290.29,2016-05-07,Sí
53,3,174364.72,2020-08-16,No
54,3,238029.63,2017-05-15,Sí
55,4,112891.88,2024-12-21,Sí
56,4,28769.36,2019-07-26,Sí
57,4,39188.56,2018-06-25,No
58,1,195596.69,2017-12-13,Sí
59,5,26261.75,2025-04-13,Sí
60,3,227878.27,2022-05-23,Sí
61,4,77596.03,2016-08-23,No
62,5,225730.97,2016-05-13,Sí
63,4,195641.64,2015-06-21,Sí
64,4,219088.25,2023-07-06,No
65,5,61369.53,2017-10-30,Sí
66,4,152966.44,2025-01-09,Sí
67,1,32461.39,2017-08-20,Sí
68,1,58547.38,2015-09-09,Sí
69,1,84376.53,2023-01-09,Sí
70,2,187795.02,2019-01-24,Sí
71,4,15931.45,2023-08-21,Sí
72,2,226748.15,2018-12-13,Sí
73,3,26992.84,2022-08-20,Sí
74,5,100357.65,2017-04-28,Sí
75,3,29461.51,2024-01-08,Sí
76,2,194552.28,2017-01-21,Sí
77,1,43915.59,2023-08-01,Sí
78,4,222341.66,2020-09-16,No
79,4,137253.28,2020-10-06,Sí
80,1,237633.48,2021-12-19,Sí
81,4,79686.62,2024-08-10,Sí
82,5,119035.88,2024-06-15,Sí
83,5,176619.27,2019-08-17,Sí
84,5,209659.2,2019-05-31,Sí
85,3,111125.7,2016-01-14,Sí
86,1,224183.81,2020-12-14,Sí
87,5,38316.93,2017-03-08,Sí
88,2,180084.33,2018-02-25,Sí
89,5,93567.76,2022-10-28,Sí
90,3,34320.52,2021-02-01,Sí
91,2,102799.49,2018-10-11,Sí
92,1,221251.75,2022-09-30,Sí
93,1,245328.13,2023-03-20,No
94,5,104271.97,2022-04-23,No
95,2,222739.93,2019-08-01,Sí
96,2,132317.06,2021-09-13,Sí
97,5,182083.61,2023-05-20,Sí
98,5,20889.14,2024-10-02,Sí
99,4,143754.87,2021-01-06,Sí
100,4,26838.86,2024-08-24,Sí
101,5,74468.31,2023-04-27,Sí
102,3,146035.44,2022-04-28,Sí
103,4,203719.3,2022-07-22,Sí
104,5,144614.47,2023-05-30,Sí
105,2,234685.97,2022-09-02,Sí
106,4,204479.8,2022-01-27,Sí
107,3,47497.64,2023-09-03,Sí
108,1,103350.04,2023-08-11,Sí
109,2,170436.5,2016-07-06,No
110,3,235217.45,2021-04-10,Sí
111,3,247051.81,2017-01-05,Sí
112,3,193164.75,2021-09-10,Sí
113,2,147704.63,2022-11-14,Sí
114,3,191586.33,2019-07-08,No
115,1,75576.74,2015-10-13,Sí
116,4,78064.73,2021-07-20,Sí
117,2,167043.84,2022-04-12,Sí
118,3,219240.54,2019-04-10,Sí
119,5,242754.28,2022-07-18,No
120,4,91920.3,2018-11-06,Sí
121,2,201172.87,2018-10-23,Sí
122,5,214367.39,2019-09-20,Sí
123,5,159561.58,2020-04-19,Sí
124,3,93422.05,2019-05-31,Sí
125,2,158581.26,2021-09-16,No
126,3,150267.74,2015-06-05,Sí
127,1,155566.12,2021-09-16,Sí
128,5,158622.45,2023-07-03,Sí
129,1,213293.97,2021-05-23,Sí
130,3,50819.56,2017-05-30,Sí
131,4,98150.55,2023-11-29,Sí
132,5,150640.41,2018-12-07,Sí
133,4,77998.66,2021-10-23,Sí
134,2,244756.75,2015-07-19,Sí
135,5,73156.06,2016-12-07,No
136,1,122710.93,2016-04-12,Sí
137,4,220567.61,2022-06-15,Sí
138,2,29215.28,2024-04-12,Sí
139,5,206965.12,2024-05-11,Sí
140,2,147042.01,2023-04-01,Sí
141,1,17632.49,2016-04-07,No
142,5,226699.09,2022-08-08,Sí
143,2,19407.24,2016-01-04,Sí
144,3,133652.27,2019-08-25,Sí
145,5,21767.5,2021-10-14,Sí
146,5,27088.02,2020-09-27,Sí
147,5,222929.04,2022-08-08,Sí
148,5,193798.13,2016-06-30,Sí
149,3,57265.88,2019-10-02,Sí
150,1,158912.31,2018-09-21,Sí
151,3,200723.1,2017-02-25,Sí
152,3,223501.75,2022-02-01,Sí
153,2,122393.66,2016-04-09,Sí
154,4,225399.97,2020-01-02,No
155,4,131884.02,2019-06-08,Sí
156,2,175174.73,2020-02-12,Sí
157,3,244967.05,2021-04-28,No
158,2,66628.43,2018-11-12,Sí
159,5,50445.11,2016-05-28,Sí
160,2,92084.52,2022-11-06,No
161,2,49455.77,2025-01-02,Sí
162,5,78199.07,2021-04-04,No
163,4,188316.48,2018-03-31,Sí
164,5,124605.77,2017-09-04,Sí
165,1,100009.91,2017-03-27,Sí
166,2,98493.76,2024-01-10,No
167,2,56687.19,2018-02-17,Sí
168,4,117378.75,2024-06-14,Sí
169,3,159912.53,2022-04-10,Sí
170,5,43397.16,2021-11-03,Sí
171,3,243475.09,2015-09-12,Sí
172,1,116387.48,2023-09-28,No
173,5,237510.62,2020-07-31,Sí
174,1,42318.14,2019-01-08,Sí
175,1,194131.83,2024-12-04,Sí
176,1,158233.13,2024-05-11,Sí
177,5,206815.39,2024-04-09,Sí
178,5,154162.7,2022-04-17,Sí
179,4,241080.79,2024-02-18,Sí
180,2,160463.64,2020-04-25,Sí
181,3,198304.99,2018-06-12,Sí
182,3,220619.63,2019-10-29,Sí
183,1,181500.03,2015-12-07,Sí
184,5,135816.8,2017-03-01,Sí
185,5,75476.1,2017-09-09,Sí
186,1,215078.23,2016-09-01,Sí
187,2,125338.78,2018-12-19,Sí
188,3,158969.97,2020-05-29,Sí
189,4,29014.37,2025-04-28,No
190,2,129364.32,2024-02-16,Sí
191,5,177557.83,2016-02-17,Sí
192,1,150177.26,2021-07-21,Sí
193,3,117653.17,2021-05-23,Sí
194,1,63622.56,2017-01-26,Sí
195,5,84320.85,2019-12-04,No
196,1,178149.85,2020-06-01,Sí
197,3,63805.77,2022-07-18,Sí
198,1,159214.39,2024-03-22,Sí
199,3,151537.03,2023-04-04,No
200,1,242900.2,2016-06-21,Sí
201,1,24587.64,2018-08-12,Sí
202,3,35949.43,2019-01-03,No
203,1,131460.03,2020-07-25,Sí
204,2,136506.36,2021-03-31,Sí
205,4,19582.64,2024-07-11,Sí
206,2,208205.3,2020-02-13,No
207,4,128733.64,2018-02-21,No
208,2,93194.5,2016-05-31,Sí
209,4,86524.9,2024-11-01,Sí
210,1,216737.72,2021-07-29,Sí
211,3,57215.89,2016-11-11,Sí
212,3,48500.25,2015-11-11,Sí
213,5,61162.85,2024-02-03,Sí
214,4,160005.41,2025-05-27,Sí
215,5,204623.41,2019-07-16,Sí
216,5,89434.89,2023-02-22,Sí
217,4,51630.88,2021-03-22,No
218,3,60206.6,2017-05-11,Sí
219,4,158604.11,2015-09-10,Sí
220,1,69048.45,2017-03-29,Sí
221,5,220547.26,2018-10-10,Sí
222,5,34933.93,2024-07-11,Sí
223,4,17768.45,2020-12-14,Sí
224,5,31210.78,2025-02-19,Sí
225,3,212954.35,2023-04-07,Sí
226,5,166295.08,2018-02-01,Sí
227,4,239858.71,2018-08-01,No
228,3,90711.17,2020-10-03,Sí
229,3,61042.75,2023-06-03,Sí
230,5,144874.06,2024-10-21,No
231,4,139078.79,2025-03-01,Sí
232,5,151845.76,2023-01-17,Sí
233,1,93408.13,2023-10-02,Sí
234,1,11415.27,2018-01-10,Sí
235,3,18407.6,2020-02-26,Sí
236,5,169318.35,2015-08-02,Sí
237,1,135581.93,2015-11-20,Sí
238,2,207042.7,2021-12-06,Sí
239,1,82098.37,2018-11-14,Sí
240,5,205713.34,2019-02-20,Sí
241,5,112117.94,2017-07-20,Sí
242,1,33207.61,2016-11-08,Sí
243,5,244698.78,2018-11-07,Sí
244,5,132864.62,2018-06-27,Sí
245,2,161074.84,2020-05-18,Sí
246,3,170991.32,2018-04-09,No
247,5,96978.94,2018-04-15,Sí
248,4,189406.8,2016-07-11,Sí
249,3,218863.95,2015-07-10,Sí
250,3,102924.87,2024-06-29,No
251,4,167680.21,2022-04-17,Sí
252,1,191709.72,2020-12-19,No
253,2,55630.22,2020-12-13,No
254,5,89823.06,2017-01-22,Sí
255,1,36111.0,2021-04-27,Sí
256,4,154530.03,2016-09-13,Sí
257,2,202225.05,2022-03-29,Sí
258,2,156601.28,2023-02-08,Sí
259,2,53148.12,2021-01-30,Sí
260,4,141128.44,2023-02-06,Sí
261,1,210384.2,2022-04-07,Sí
262,5,82653.95,2025-05-05,Sí
263,2,209836.36,2018-02-21,Sí
264,2,198309.59,2020-04-07,Sí
265,1,15217.79,2017-10-26,Sí
266,2,67469.16,2021-12-31,Sí
267,2,140306.18,2021-12-27,Sí
268,4,182228.17,2020-08-08,Sí
269,3,221327.33,2021-06-26,Sí
270,1,163850.16,2022-03-20,Sí
271,1,101282.6,2017-10-22,Sí
272,1,54310.53,2023-11-02,No
273,4,192408.61,2019-03-26,Sí
274,4,59627.57,2021-02-28,Sí
275,5,176903.33,2021-08-24,Sí
276,4,53490.79,2022-09-09,Sí
277,1,31852.92,2018-04-06,Sí
278,5,70264.05,2018-07-02,No
279,3,78383.15,2019-09-26,Sí
280,2,165330.19,2021-08-01,Sí
281,2,48612.01,2021-04-06,Sí
282,5,233273.66,2024-10-13,Sí
283,3,143046.8,2015-10-24,No
284,2,127823.62,2022-01-05,Sí
285,5,114326.68,2022-02-11,Sí
286,4,145984.32,2024-05-31,No
287,1,15387.27,2016-08-18,No
288,3,247620.73,2018-09-09,No
289,2,143805.85,2024-11-05,Sí
290,1,18446.8,2020-08-24,Sí
291,5,151594.63,2015-12-08,Sí
292,2,114898.9,2024-08-30,Sí
293,1,15769.05,2024-04-14,Sí
294,4,231862.9,2024-02-14,Sí
295,3,12536.05,2024-04-24,No
296,5,148689.2,2021-12-13,Sí
297,2,240829.78,2016-12-10,Sí
298,4,67025.08,2016-01-10,Sí
299,3,71002.98,2021-08-01,Sí
300,3,10101.55,2024-03-29,Sí
301,4,25924.28,2021-03-19,Sí
302,2,20773.22,2022-07-23,No
303,3,207437.51,2019-03-19,Sí
304,5,210817.02,2017-11-30,Sí
305,1,184408.02,2022-03-22,Sí
306,5,94658.8,2019-06-01,Sí
307,3,207101.07,2017-05-08,Sí
308,1,139545.88,2022-11-02,Sí
309,4,83034.47,2019-09-10,Sí
310,1,114946.42,2021-04-14,Sí
311,1,25784.26,2022-09-10,Sí
312,1,236778.08,2017-12-22,No
313,3,158587.94,2015-10-20,Sí
314,2,185496.19,2021-03-18,Sí
315,3,172380.01,2025-05-24,Sí
316,2,170260.0,2019-08-11,Sí
317,4,14142.64,2019-05-14,Sí
318,4,136089.11,2021-06-23,Sí
319,4,207210.45,2018-08-30,Sí
320,4,20684.52,2019-02-11,Sí
321,4,239479.76,2019-08-19,No
322,5,111798.32,2017-01-28,No
323,3,79574.92,2020-07-09,Sí
324,2,137637.13,2018-11-02,Sí
325,4,202291.41,2018-11-10,Sí
326,5,123941.21,2024-09-10,Sí
327,5,164825.36,2019-09-25,Sí
328,5,129979.45,2019-04-26,No
329,3,161505.34,2021-03-19,No
330,4,43127.42,2024-10-23,Sí
331,5,19279.21,2020-09-15,Sí
332,5,42856.34,2023-09-04,Sí
333,4,78601.15,2022-01-20,Sí
334,3,70805.45,2017-08-05,Sí
335,5,157642.08,2024-02-08,Sí
336,2,119413.46,2022-03-30,No
337,1,19314.88,2019-02-12,Sí
338,1,18367.82,2016-11-28,Sí
339,1,31741.12,2022-10-24,Sí
340,3,94739.48,2016-09-03,No
341,5,11483.91,2018-09-05,Sí
342,1,128556.94,2019-10-26,Sí
343,1,96560.72,2021-11-03,Sí
344,4,143305.91,2023-03-15,No
345,5,182998.05,2023-06-03,Sí
346,5,70233.48,2020-10-08,Sí
347,4,47700.08,2019-09-30,Sí
348,5,76732.85,2021-04-16,Sí
349,2,10423.16,2022-12-09,No
350,3,38803.11,2021-04-06,Sí
351,4,190199.29,2018-06-11,Sí
352,1,63473.64,2017-07-27,No
353,5,248631.91,2018-09-25,Sí
354,2,50279.57,2019-01-10,No
355,2,199305.21,2024-01-06,Sí
356,3,179210.67,2017-10-26,Sí
357,2,87311.71,2018-12-03,Sí
358,5,89377.39,2020-08-17,Sí
359,5,145252.38,2019-06-26,No
360,2,214569.78,2024-10-20,No
361,5,102684.87,2018-11-25,Sí
362,5,24683.17,2023-01-17,Sí
363,1,99860.6,2024-09-26,Sí
364,4,59755.04,2024-10-27,Sí
365,5,235409.68,2022-04-02,No
366,5,177345.84,2019-03-18,Sí
367,3,22199.84,2016-03-08,No
368,4,80317.25,2015-11-21,No
369,4,22051.83,2018-05-18,Sí
370,4,209204.0,2019-06-27,No
371,2,227511.14,2019-09-19,No
372,1,36947.11,2017-02-07,Sí
373,1,115669.61,2016-08-09,Sí
374,3,233651.99,2015-12-01,Sí
375,4,44850.8,2024-12-25,Sí
376,4,80056.86,2021-06-17,Sí
377,5,83025.92,2019-07-01,Sí
378,2,17213.99,2025-05-25,Sí
379,2,18705.58,2024-06-20,No
380,3,238670.28,2021-12-30,Sí
381,1,147062.23,2021-08-05,Sí
382,4,83595.6,2023-05-09,Sí
383,3,100881.92,2024-11-14,No
384,2,181562.3,2020-03-09,No
385,2,97964.13,2019-07-15,Sí
386,2,64662.5,2021-11-22,No
387,4,34440.96,2020-04-11,Sí
388,4,184943.92,2025-04-24,Sí
389,4,53335.6,2025-05-24,Sí
390,5,26715.58,2018-06-16,No
391,1,112469.07,2019-07-15,No
392,2,19497.03,2016-04-11,Sí
393,2,241599.53,2016-02-11,Sí
394,5,160550.31,2021-05-27,Sí
395,2,46647.23,2025-03-09,Sí
396,2,51388.98,2019-09-19,Sí
397,4,146758.84,2017-11-01,Sí
398,4,95575.78,2018-11-24,Sí
399,1,195824.02,2018-03-24,Sí
400,2,140993.56,2023-04-18,Sí
401,3,114000.13,2021-06-20,Sí
402,2,241115.26,2018-10-15,Sí
403,2,103774.97,2018-09-29,No
404,1,106146.62,2021-05-28,Sí
405,3,169785.38,2019-12-29,Sí
406,2,204274.86,2016-03-26,Sí
407,3,160291.6,2019-05-03,Sí
408,4,177666.45,2020-05-09,Sí
409,4,99503.58,2016-06-07,No
410,3,125079.24,2016-10-24,Sí
411,2,57288.42,2022-03-11,Sí
412,3,173259.16,2024-07-01,Sí
413,3,63148.47,2022-10-26,No
414,4,10301.63,2021-06-05,Sí
415,3,234102.91,2022-09-16,No
416,5,83443.66,2018-06-15,Sí
417,5,57191.69,2017-03-15,Sí
418,4,74355.22,2017-08-18,Sí
419,2,89307.45,2016-11-02,Sí
420,2,123891.14,2020-08-15,Sí
421,4,26644.4,2022-11-16,Sí
422,2,22641.56,2018-04-06,Sí
423,1,80298.58,2024-09-20,Sí
424,5,80983.87,2017-06-04,Sí
425,1,38235.09,2024-12-10,Sí
426,1,107149.98,2025-02-12,No
427,1,78166.88,2022-06-24,Sí
428,4,16253.33,2020-11-12,Sí
429,1,222572.99,2021-02-02,No
430,3,222644.56,2023-04-03,No
431,2,60203.74,2023-10-23,Sí
432,4,49089.33,2024-11-21,Sí
433,3,141350.26,2024-04-10,No
434,3,161380.84,2024-01-10,Sí
435,5,239810.21,2023-01-11,Sí
436,5,100563.63,2016-06-15,Sí
437,3,158368.08,2020-03-05,Sí
438,5,220763.45,2024-03-21,No
439,2,117988.91,2024-09-26,Sí
440,2,39362.98,2021-02-06,Sí
441,5,100587.35,2016-01-08,Sí
442,1,42776.06,2015-12-06,Sí
443,3,13993.47,2019-10-05,Sí
444,2,190372.73,2019-04-18,Sí
445,5,67221.69,2024-02-22,Sí
446,5,10481.69,2025-03-26,Sí
447,2,219383.77,2023-05-03,Sí
448,2,116509.32,2018-07-05,Sí
449,1,67326.37,2022-02-17,Sí
450,5,73069.59,2018-09-17,Sí
451,5,67729.09,2015-08-14,Sí
452,4,56693.48,2019-05-05,No
453,1,211894.29,2019-07-04,Sí
454,2,50879.59,2023-04-18,No
455,2,144845.12,2015-10-28,Sí
456,3,28556.86,2025-05-28,Sí
457,2,237885.13,2021-07-22,Sí
458,5,154795.34,2020-04-03,Sí
459,2,226756.6,2021-10-27,Sí
460,5,105490.67,2018-09-08,Sí
461,5,204561.29,2019-05-12,Sí
462,1,214877.08,2022-01-21,Sí
463,2,178707.83,2018-02-08,No
464,1,32307.39,2019-09-05,Sí
465,5,13859.22,2020-05-10,Sí
466,2,50454.32,2018-08-20,Sí
467,2,38343.22,2019-03-26,No
468,1,184033.04,2018-03-22,Sí
469,1,143681.64,2020-10-22,No
470,5,136228.21,2025-05-20,Sí
471,5,70688.15,2019-09-07,Sí
472,2,47105.81,2024-07-01,Sí
473,2,59571.51,2017-04-30,Sí
474,4,106066.48,2022-04-03,Sí
475,4,187634.37,2017-11-26,Sí
476,3,71083.99,2020-11-24,Sí
477,5,177667.12,2019-06-13,Sí
478,3,127962.84,2016-01-06,Sí
479,3,222505.8,2024-07-24,Sí
480,1,65899.49,2020-12-13,No
481,1,118205.6,2021-09-20,Sí
482,4,33199.54,2018-04-27,Sí
483,3,90436.75,2021-10-20,Sí
484,4,131651.31,2024-02-03,No
485,5,185857.65,2021-10-11,Sí
486,2,57538.51,2015-12-23,Sí
487,1,62342.11,2017-11-15,No
488,5,161578.68,2023-04-13,Sí
489,5,101789.87,2018-01-29,Sí
490,1,125702.77,2015-08-06,Sí
491,1,210672.37,2021-07-09,Sí
492,3,129779.99,2019-08-30,Sí
493,4,166599.85,2024-01-13,No
494,5,167626.01,2020-02-15,Sí
495,3,202866.87,2020-10-15,No
496,3,163153.48,2025-04-30,Sí
497,5,25554.36,2017-01-05,Sí
498,5,92121.52,2017-11-28,Sí
499,2,247435.88,2020-08-05,Sí
500,4,57162.47,2019-10-22,Sí
501,5,150814.98,2015-09-02,Sí
502,1,212305.75,2022-01-30,Sí
503,2,150774.05,2023-02-04,Sí
504,4,99344.86,2025-02-24,Sí
505,1,29254.86,2023-01-03,Sí
506,1,96799.58,2020-02-11,No
507,4,53696.2,2016-10-09,Sí
508,2,240607.08,2021-06-14,Sí
509,1,181607.64,2025-04-04,Sí
510,3,189851.96,2023-10-14,Sí
511,4,114632.62,2017-02-09,Sí
512,4,36391.56,2015-12-28,Sí
513,5,74011.96,2020-09-18,Sí
514,2,72330.66,2016-05-26,Sí
515,3,126827.04,2016-01-04,Sí
516,3,120635.15,2024-10-02,Sí
517,5,114017.97,2022-09-06,Sí
518,1,129034.59,2023-06-03,Sí
519,1,246885.54,2022-10-30,No
520,3,81604.87,2019-08-07,Sí
521,2,157664.6,2020-06-18,Sí
522,1,67481.86,2019-02-15,Sí
523,4,121985.5,2022-02-27,Sí
524,5,58011.82,2017-10-15,Sí
525,2,143966.14,2019-10-31,Sí
526,1,73602.83,2016-02-14,No
527,3,18829.34,2023-03-30,Sí
528,5,205665.06,2024-05-30,Sí
529,1,40781.23,2020-04-29,Sí
530,3,98329.31,2018-10-15,Sí
531,1,124522.63,2023-05-16,Sí
532,5,113795.2,2025-02-26,No
533,4,184159.78,2024-12-31,Sí
534,4,153226.38,2021-07-12,No
535,3,80889.08,2020-11-22,Sí
536,4,22408.72,2015-06-04,Sí
537,5,194222.83,2017-03-05,No
538,3,94606.51,2025-03-31,Sí
539,1,223533.94,2016-05-01,No
540,2,104813.63,2023-01-07,Sí
541,1,182238.07,2018-08-06,Sí
542,5,235495.53,2017-04-21,Sí
543,3,166276.59,2016-05-10,Sí
544,1,109237.34,2022-11-29,Sí
545,3,146175.82,2023-02-18,Sí
546,4,140426.85,2016-01-07,No
547,2,150356.81,2015-11-26,Sí
548,5,45236.8,2020-10-22,Sí
549,1,177642.37,2024-12-17,Sí
550,2,44810.39,2022-04-20,Sí
551,5,13508.05,2021-02-10,Sí
552,5,159947.22,2023-04-19,Sí
553,4,38059.26,2016-12-27,Sí
554,3,194898.79,2020-04-04,Sí
555,3,217831.83,2016-07-28,Sí
556,2,236736.83,2024-02-28,Sí
557,4,169474.47,2021-07-14,Sí
558,5,125683.57,2022-04-13,Sí
559,4,94547.46,2015-06-04,Sí
560,4,127822.02,2019-06-23,Sí
561,2,55684.53,2017-08-08,No
562,3,93621.44,2020-01-09,Sí
563,4,182303.33,2021-02-01,Sí
564,4,62181.51,2018-06-30,Sí
565,4,73376.11,2025-03-13,Sí
566,1,189838.78,2018-01-26,Sí
567,4,52680.62,2024-04-02,Sí
568,4,69013.02,2016-11-27,Sí
569,5,14211.42,2024-02-10,Sí
570,1,182812.38,2023-01-14,Sí
571,4,158296.86,2016-09-13,No
572,4,176652.51,2022-12-28,No
573,2,61438.66,2024-04-12,Sí
574,2,174970.33,2024-11-03,Sí
575,1,153130.39,2022-09-07,Sí
576,5,97869.52,2020-04-06,Sí
577,1,115078.19,2022-04-24,Sí
578,1,146300.92,2022-11-10,Sí
579,2,128390.12,2017-09-16,Sí
580,2,164038.74,2016-08-01,No
581,5,53435.1,2021-01-06,Sí
582,4,139770.39,2020-01-05,Sí
583,5,118067.08,2017-02-04,Sí
584,4,120644.92,2019-06-21,Sí
585,3,122651.69,2015-08-22,Sí
586,2,221553.27,2021-05-29,No
587,3,206470.59,2018-12-27,Sí
588,3,161096.79,2021-07-01,Sí
589,2,181956.86,2020-10-02,Sí
590,3,20272.63,2022-01-17,Sí
591,1,188558.01,2020-06-11,Sí
592,4,126679.53,2018-06-14,No
593,5,86259.42,2020-07-03,Sí
594,2,43546.47,2025-04-03,Sí
595,1,28050.11,2021-03-07,Sí
596,5,20772.56,2016-04-16,No
597,5,48831.08,2024-06-21,Sí
598,5,17234.51,2025-05-01,Sí
599,3,185834.14,2023-10-30,Sí
600,3,69667.39,2020-11-24,Sí
601,3,98497.7,2020-06-21,Sí
602,3,207451.89,2024-06-03,Sí
603,1,37517.8,2015-09-30,Sí
604,3,210542.57,2022-09-05,Sí
605,2,163489.68,2019-04-30,Sí
606,5,92087.08,2019-06-02,Sí
607,1,38273.73,2024-02-06,Sí
608,3,31958.25,2017-08-27,Sí
609,5,90523.44,2019-05-15,Sí
610,1,43682.07,2016-04-03,Sí
611,5,74250.47,2016-04-08,No
612,1,22709.39,2018-05-21,Sí
613,4,152802.02,2024-09-03,Sí
614,1,44866.27,2021-10-11,Sí
615,3,191615.76,2023-06-24,Sí
616,5,62361.99,2019-03-17,Sí
617,5,201514.38,2016-09-20,Sí
618,5,55571.68,2016-07-03,Sí
619,2,183127.98,2020-12-07,Sí
620,2,89937.92,2020-11-07,Sí
621,3,149948.8,2023-10-28,Sí
622,4,19278.84,2025-04-09,Sí
623,2,128858.66,2016-04-14,Sí
624,1,45685.09,2023-06-28,Sí
625,3,126716.85,2018-12-27,No
626,4,43926.19,2020-11-13,Sí
627,1,114901.39,2023-01-26,Sí
628,5,36549.0,2016-04-29,Sí
629,2,62788.36,2015-10-29,Sí
630,1,152818.94,2020-09-16,Sí
631,4,244398.55,2018-08-15,Sí
632,3,117804.34,2022-03-31,Sí
633,1,174921.69,2025-05-27,No
634,3,139461.92,2016-09-25,Sí
635,5,129605.9,2019-08-14,Sí
636,4,25529.01,2021-12-16,Sí
637,4,44631.38,2020-07-05,Sí
638,2,221933.86,2016-03-18,Sí
639,4,108439.44,2018-11-24,Sí
640,1,157439.79,2020-01-18,Sí
641,1,136775.98,2022-04-25,Sí
642,1,100931.77,2021-03-28,Sí
643,5,103075.97,2021-01-25,Sí
644,4,143311.6,2023-05-18,Sí
645,4,43874.03,2022-01-05,Sí
646,1,102942.17,2024-11-18,Sí
647,2,117274.14,2020-05-15,Sí
648,2,246430.29,2018-01-21,Sí
649,4,94349.14,2019-11-18,Sí
650,4,164698.94,2019-05-11,Sí
651,3,42979.72,2021-10-17,Sí
652,4,25715.53,2019-12-13,No
653,1,219170.08,2024-09-23,Sí
654,5,185376.38,2019-07-16,Sí
655,4,86199.83,2020-11-09,Sí
656,4,131098.72,2020-06-03,Sí
657,1,42578.6,2022-06-04,Sí
658,3,179718.47,2015-11-12,No
659,4,26879.34,2016-02-05,Sí
660,2,191687.93,2016-01-23,No
661,2,141240.76,2016-01-21,Sí
662,2,76924.13,2019-07-07,Sí
663,5,217017.84,2017-06-11,Sí
664,5,246657.25,2025-05-21,Sí
665,4,71043.78,2023-11-14,Sí
666,4,203499.08,2024-12-17,Sí
667,4,190039.92,2018-03-19,Sí
668,5,189325.63,2016-02-02,Sí
669,4,239736.55,2015-06-11,Sí
670,1,126788.1,2017-12-06,Sí
671,3,171800.33,2023-02-12,Sí
672,2,207730.57,2017-11-10,Sí
673,2,125088.75,2016-12-29,Sí
674,1,125543.49,2022-03-09,Sí
675,4,86477.14,2018-08-31,Sí
676,5,197398.17,2023-06-11,Sí
677,4,174686.99,2024-05-30,Sí
678,4,118273.58,2019-05-02,No
679,2,110640.8,2018-06-29,Sí
680,2,27421.51,2023-09-24,Sí
681,5,11560.28,2019-08-17,Sí
682,2,136934.55,2018-05-30,Sí
683,4,110198.28,2019-09-30,Sí
684,1,201048.82,2024-02-15,No
685,5,140236.97,2021-03-25,No
686,1,234809.45,2023-07-04,Sí
687,4,57073.79,2021-03-13,Sí
688,5,247636.08,2019-09-30,Sí
689,1,81500.61,2022-12-02,No
690,5,164181.75,2020-01-18,Sí
691,4,130444.89,2021-02-13,Sí
692,5,96298.34,2020-03-13,Sí
693,4,43434.2,2022-12-26,No
694,5,42360.2,2019-09-16,No
695,5,180761.4,2019-07-18,Sí
696,2,100633.93,2016-08-11,Sí
697,4,240711.51,2021-12-14,Sí
698,3,88155.64,2025-01-07,Sí
699,5,246045.69,2021-07-23,Sí
700,1,59301.58,2021-07-21,Sí
701,2,34675.45,2017-08-08,Sí
702,2,85016.74,2022-05-09,No
703,5,222540.35,2024-04-05,Sí
704,3,135244.47,2020-10-06,Sí
705,2,42556.03,2024-12-03,Sí
706,4,58599.77,2015-07-17,Sí
707,5,84702.56,2025-05-26,Sí
708,5,151640.02,2019-12-11,Sí
709,3,89770.95,2019-05-10,Sí
710,4,189292.98,2024-11-20,Sí
711,4,157910.45,2016-08-08,Sí
712,3,219717.7,2022-08-27,Sí
713,1,130230.84,2025-02-23,Sí
714,4,89482.34,2019-01-26,Sí
715,1,249105.18,2020-09-27,Sí
716,1,95352.0,2022-10-15,Sí
717,5,112864.63,2015-12-26,Sí
718,5,204190.53,2022-05-01,Sí
719,2,31272.7,2018-01-30,No
720,5,102757.63,2024-01-12,No
721,4,30570.42,2020-09-03,No
722,4,43433.41,2025-02-08,Sí
723,1,11113.8,2018-06-12,Sí
724,4,12290.63,2018-05-08,Sí
725,5,101269.09,2025-03-28,Sí
726,5,204199.31,2015-07-15,Sí
727,5,150881.05,2015-10-08,Sí
728,3,162379.37,2023-03-05,Sí
729,4,134619.82,2016-02-02,No
730,2,206750.35,2021-06-25,Sí
731,4,221290.89,2022-01-03,No
732,4,213937.77,2022-02-23,Sí
733,3,204911.71,2019-02-02,Sí
734,4,53851.14,2022-09-22,No
735,1,152530.29,2024-02-27,Sí
736,5,149719.17,2016-09-10,Sí
737,5,136706.56,2022-11-18,Sí
738,3,125395.07,2022-02-20,No
739,5,31400.91,2015-11-21,Sí
740,1,34519.18,2017-05-03,Sí
741,3,226547.58,2024-02-12,Sí
742,2,161244.75,2017-04-12,Sí
743,5,72956.13,2022-08-12,Sí
744,4,77032.09,2023-01-27,No
745,1,156446.76,2015-12-30,Sí
746,1,107664.39,2018-11-29,No
747,5,115917.8,2017-12-14,Sí
748,2,24556.0,2024-01-11,Sí
749,4,43297.4,2023-08-31,No
750,2,104404.1,2018-05-31,Sí
751,2,177924.74,2023-09-14,Sí
752,5,21526.09,2021-04-04,No
753,4,90293.87,2023-03-24,Sí
754,5,176817.27,2015-10-01,Sí
755,5,200092.19,2022-11-24,Sí
756,1,55652.97,2017-04-23,Sí
757,5,185556.91,2023-12-06,No
758,3,239298.81,2021-11-22,Sí
759,4,227634.92,2018-03-13,Sí
760,1,199450.26,2016-03-18,Sí
761,4,180958.4,2025-01-15,Sí
762,1,66433.19,2019-10-07,Sí
763,3,162136.77,2022-11-11,Sí
764,5,164385.76,2024-02-15,Sí
765,1,107637.12,2017-08-27,Sí
766,1,128323.71,2023-06-06,Sí
767,1,176566.84,2023-12-08,Sí
768,3,238504.37,2024-04-06,Sí
769,4,80873.49,2021-04-10,Sí
770,3,69127.16,2024-07-17,No
771,1,154433.65,2022-02-14,Sí
772,1,41391.79,2015-06-05,Sí
773,5,149807.88,2022-10-27,Sí
774,3,31324.36,2017-07-19,Sí
775,3,127740.13,2025-04-26,Sí
776,2,158899.45,2018-02-12,Sí
777,4,26826.31,2018-03-18,Sí
778,2,59668.76,2023-10-02,Sí
779,2,90489.83,2021-02-26,Sí
780,4,98463.69,2023-10-24,Sí
781,5,172265.11,2017-05-16,Sí
782,5,136965.12,2018-05-27,Sí
783,4,101706.03,2018-04-19,No
784,4,118162.3,2025-01-25,Sí
785,3,13114.4,2023-05-17,Sí
786,3,194926.07,2022-07-13,Sí
787,3,19841.13,2015-06-25,Sí
788,3,209036.2,2023-07-08,Sí
789,1,139839.17,2025-02-25,No
790,1,136676.61,2024-06-19,Sí
791,5,179098.87,2018-10-03,Sí
792,1,216294.29,2022-02-01,Sí
793,1,236235.08,2018-02-05,Sí
794,3,140408.77,2019-10-29,Sí
795,3,46157.98,2023-12-28,No
796,4,220871.42,2019-09-04,Sí
797,3,19761.28,2017-08-25,Sí
798,4,203760.92,2017-05-24,Sí
799,4,173301.19,2021-03-01,Sí
800,1,227134.63,2018-12-13,Sí
801,3,225391.16,2017-07-27,Sí
802,1,22756.98,2020-11-26,Sí
803,3,156267.14,2022-02-17,Sí
804,1,39921.15,2020-01-09,Sí
805,1,28832.47,2020-04-13,Sí
806,1,117586.51,2022-06-10,Sí
807,5,33423.41,2016-11-29,Sí
808,1,184696.57,2018-11-13,Sí
809,2,242545.77,2015-07-14,Sí
810,2,146699.91,2022-11-29,No
811,2,66440.53,2018-09-25,Sí
812,4,212369.53,2024-08-25,Sí
813,1,214744.81,2023-05-23,Sí
814,2,185868.63,2022-11-02,Sí
815,4,157631.72,2019-05-18,Sí
816,2,218270.19,2015-11-22,Sí
817,3,49190.0,2020-08-27,Sí
818,5,233584.03,2022-01-03,Sí
819,1,237328.76,2017-04-12,Sí
820,5,219278.17,2020-05-16,Sí
821,5,70158.89,2019-11-29,Sí
822,3,215962.81,2015-07-05,Sí
823,3,129433.17,2021-08-13,Sí
824,3,152783.26,2024-10-01,Sí
825,4,211744.15,2022-07-25,Sí
826,2,17099.88,2025-01-11,Sí
827,1,97106.22,2017-09-28,No
828,3,205766.41,2016-09-08,Sí
829,1,205349.15,2019-08-16,Sí
830,1,213685.1,2022-04-04,No
831,1,50611.82,2017-05-23,Sí
832,3,179412.79,2019-01-23,Sí
833,3,45160.8,2023-11-05,No
834,2,198423.52,2021-02-13,Sí
835,3,68830.24,2018-03-15,Sí
836,3,187076.25,2015-11-30,Sí
837,1,119200.39,2023-09-02,Sí
838,2,246703.23,2022-03-31,Sí
839,5,149174.52,2018-06-06,Sí
840,3,161819.05,2018-12-04,Sí
841,3,98359.24,2025-01-05,Sí
842,5,186284.84,2019-11-26,No
843,1,128772.55,2018-03-25,Sí
844,2,14335.99,2023-01-28,No
845,1,156059.58,2018-10-05,Sí
846,4,209310.3,2022-06-11,Sí
847,3,66832.42,2017-11-14,Sí
848,4,63055.3,2023-09-08,Sí
849,3,156132.68,2020-05-12,Sí
850,4,206315.03,2021-07-21,Sí
851,5,69908.88,2024-05-20,Sí
852,3,233743.04,2024-05-12,Sí
853,3,232572.97,2017-08-10,Sí
854,4,58128.8,2015-06-03,Sí
855,2,73308.26,2021-05-14,No
856,4,178143.71,2017-09-27,Sí
857,3,238415.95,2018-10-12,Sí
858,3,180371.85,2018-07-25,No
859,2,116776.01,2024-12-22,Sí
860,1,50560.32,2017-11-14,Sí
861,2,120642.36,2023-01-20,Sí
862,1,155624.27,2016-07-06,Sí
863,3,89428.46,2017-07-25,Sí
864,5,132461.88,2018-11-27,Sí
865,5,41251.39,2022-02-24,Sí
866,4,118525.15,2022-07-05,Sí
867,2,31786.2,2020-08-12,Sí
868,2,21781.3,2018-01-05,Sí
869,5,215737.58,2016-05-31,No
870,1,59219.58,2020-01-16,Sí
871,2,148037.28,2017-11-26,Sí
872,1,45755.86,2019-06-02,No
873,1,73006.62,2016-06-20,Sí
874,1,96721.46,2017-09-19,Sí
875,1,44482.34,2025-02-01,Sí
876,4,21030.95,2023-12-29,Sí
877,4,220518.35,2020-02-07,Sí
878,5,12839.88,2021-05-12,Sí
879,4,24717.04,2015-06-29,Sí
880,2,203217.32,2019-10-11,Sí
881,4,77682.0,2022-01-29,Sí
882,2,183476.87,2023-05-01,Sí
883,2,45094.18,2016-03-27,Sí
884,1,66947.62,2020-09-03,Sí
885,5,147466.36,2017-06-16,Sí
886,1,247272.6,2017-08-28,Sí
887,1,27626.67,2024-05-31,Sí
888,4,106133.1,2021-01-10,Sí
889,4,20339.43,2025-02-12,Sí
890,2,57814.35,2024-10-26,No
891,4,227793.05,2019-12-09,Sí
892,4,33150.42,2019-01-09,Sí
893,3,215645.42,2020-08-02,Sí
894,2,52672.78,2018-11-07,Sí
895,2,216828.36,2022-03-10,Sí
896,3,139125.27,2020-05-25,No
897,2,220769.6,2016-12-24,Sí
898,5,46408.87,2016-06-30,Sí
899,5,192888.77,2024-09-11,Sí
900,3,173367.66,2022-06-06,Sí
901,4,140304.01,2016-02-23,Sí
902,5,204540.96,2015-06-29,Sí
903,3,165586.25,2024-04-08,Sí
904,5,220491.26,2016-11-13,Sí
905,1,101454.92,2021-12-04,Sí
906,3,151581.56,2016-01-14,Sí
907,2,218944.2,2025-05-03,Sí
908,5,61555.38,2021-04-23,Sí
909,2,126577.93,2025-03-14,Sí
910,3,240578.04,2022-07-24,Sí
911,5,123664.43,2017-05-03,Sí
912,2,70679.07,2020-04-01,Sí
913,4,94258.3,2017-09-22,Sí
914,4,222420.19,2017-01-21,No
915,1,239171.93,2017-04-20,Sí
916,3,238025.83,2016-10-20,Sí
917,2,177746.17,2018-07-31,Sí
918,1,132304.45,2016-07-10,Sí
919,3,53845.34,2016-10-12,Sí
920,4,39573.04,2016-03-25,Sí
921,2,24343.99,2016-04-06,Sí
922,5,14251.58,2022-08-03,Sí
923,4,220748.01,2023-05-20,No
924,5,204180.72,2019-02-15,Sí
925,5,146277.13,2023-10-07,No
926,2,249693.58,2023-05-05,Sí
927,2,238732.5,2018-08-16,Sí
928,5,167226.15,2016-03-22,No
929,1,121497.9,2021-05-22,Sí
930,5,46520.97,2015-10-17,Sí
931,5,133742.51,2024-08-27,Sí
932,2,47858.48,2019-12-05,Sí
933,3,105628.31,2023-04-22,Sí
934,4,236235.55,2018-09-25,Sí
935,2,92074.96,2021-06-26,Sí
936,1,46668.95,2017-06-17,Sí
937,4,149775.19,2022-09-10,No
938,2,154567.4,2015-10-31,Sí
939,2,56513.02,2017-09-03,Sí
940,3,57180.78,2022-10-22,Sí
941,1,247491.95,2020-06-28,Sí
942,1,68387.46,2018-04-23,Sí
943,2,211166.09,2015-09-29,Sí
944,3,122877.72,2020-03-13,No
945,2,114397.42,2024-08-22,Sí
946,5,80790.98,2022-03-14,Sí
947,5,195718.19,2017-04-16,Sí
948,3,221358.61,2024-10-16,Sí
949,2,72670.59,2022-10-10,Sí
950,3,32823.2,2023-04-17,Sí
951,2,42860.69,2024-07-19,No
952,2,200272.85,2024-05-09,Sí
953,5,114598.46,2020-04-25,Sí
954,4,41659.52,2020-01-28,Sí
955,1,91669.17,2018-05-22,Sí
956,1,133416.52,2016-05-26,Sí
957,3,214492.4,2018-05-26,Sí
958,1,164018.38,2019-03-12,Sí
959,5,52247.87,2021-05-24,Sí
960,4,48088.65,2025-05-02,Sí
961,2,108960.21,2021-12-01,Sí
962,2,28046.28,2019-07-09,Sí
963,5,191338.53,2017-06-24,No
964,1,106348.92,2016-12-05,Sí
965,2,92325.71,2018-08-04,Sí
966,1,132186.0,2025-01-26,Sí
967,5,180149.63,2020-05-13,Sí
968,2,146643.27,2024-07-08,Sí
969,3,202576.67,2020-08-13,Sí
970,4,161047.02,2016-08-30,Sí
971,1,199112.86,2021-06-30,Sí
972,1,177227.75,2022-03-26,Sí
973,1,56349.48,2021-02-15,Sí
974,1,22565.07,2016-03-02,No
975,5,226815.23,2019-06-14,No
976,5,236957.48,2020-09-29,Sí
977,5,184463.75,2021-10-07,Sí
978,5,183809.4,2023-12-25,Sí
979,2,74835.3,2022-12-31,Sí
980,5,140186.01,2021-09-27,Sí
981,2,248137.52,2022-03-15,Sí
982,3,215474.46,2015-07-12,Sí
983,5,83054.64,2023-02-05,No
984,3,82251.01,2021-05-04,Sí
985,5,126058.55,2023-04-18,Sí
986,3,107103.68,2016-09-08,Sí
987,4,99076.73,2017-09-11,Sí
988,3,160473.26,2017-05-14,Sí
989,2,12758.19,2020-04-14,Sí
990,1,193201.51,2021-01-13,Sí
991,3,187612.72,2024-03-08,No
992,1,209278.16,2023-11-28,Sí
993,4,211948.16,2021-04-09,Sí
994,4,145935.93,2023-02-15,Sí
995,2,197217.74,2021-07-08,Sí
996,2,128174.83,2018-08-26,No
997,3,238367.16,2024-08-17,Sí
998,5,55767.65,2024-02-26,Sí
999,4,229748.1,2023-05-24,Sí
1000,1,72047.29,2024-08-31,Sí
1001,5,34653.61,2021-05-08,Sí
1002,4,115385.07,2021-08-02,Sí
1003,3,157580.14,2020-01-19,Sí
1004,4,65437.57,2019-11-19,No
1005,2,143391.1,2016-08-30,Sí
1006,1,203894.41,2018-12-08,Sí
1007,1,71700.39,2022-10-03,Sí
1008,2,149277.34,2017-04-19,Sí
1009,5,91435.02,2023-05-13,Sí
1010,2,137144.43,2022-04-11,Sí
1011,1,170060.56,2019-10-26,No
1012,3,94101.42,2022-09-19,Sí
1013,5,248675.89,2019-03-09,Sí
1014,4,145306.05,2018-10-05,Sí
1015,3,207870.77,2019-08-18,Sí
1016,5,184032.45,2018-01-04,Sí
1017,1,214673.28,2016-01-11,Sí
1018,1,51712.23,2019-04-05,Sí
1019,3,63412.89,2017-06-03,Sí
1020,5,126978.68,2022-08-15,No
1021,4,214558.88,2024-04-18,Sí
1022,4,57425.58,2022-04-16,Sí
1023,2,243055.8,2021-03-13,Sí
1024,3,40624.55,2022-05-28,Sí
1025,5,52018.71,2018-07-25,Sí
1026,3,50136.11,2020-02-02,Sí
1027,4,150641.43,2024-07-11,Sí
1028,5,230209.86,2020-05-29,No
1029,1,71226.73,2017-03-22,Sí
1030,1,142728.84,2022-06-26,Sí
1031,5,52185.4,2020-12-26,Sí
1032,3,161472.86,2016-01-19,Sí
1033,3,39579.12,2017-11-18,Sí
1034,1,127914.58,2022-04-18,Sí
1035,1,167243.64,2021-09-09,Sí
1036,4,148990.7,2022-07-30,Sí
1037,5,43600.12,2017-02-28,Sí
1038,3,48729.61,2022-07-25,Sí
1039,4,171133.84,2016-05-08,Sí
1040,3,204138.23,2019-03-12,Sí
1041,1,227937.86,2023-01-09,Sí
1042,5,205266.76,2019-07-22,Sí
1043,2,243741.73,2021-02-19,Sí
1044,5,107980.43,2021-02-16,Sí
1045,2,89479.78,2022-04-21,No
1046,4,16764.17,2019-03-20,Sí
1047,2,117975.01,2025-02-14,Sí
1048,2,166329.17,2019-09-21,Sí
1049,4,205698.07,2021-10-10,Sí
1050,5,74189.29,2017-07-14,Sí
1051,4,133261.91,2016-07-07,Sí
1052,1,168882.3,2018-09-16,Sí
1053,1,142384.69,2023-08-29,Sí
1054,2,75764.97,2019-10-03,Sí
1055,4,201107.79,2019-03-27,Sí
1056,4,51606.64,2024-09-19,No
1057,4,227195.16,2018-05-15,Sí
1058,5,238623.22,2024-02-01,Sí
1059,3,97737.58,2020-10-07,Sí
1060,3,100283.63,2017-12-29,Sí
1061,3,188386.78,2022-01-22,Sí
1062,5,119509.26,2021-04-25,Sí
1063,4,16866.43,2025-01-14,Sí
1064,3,230770.41,2022-11-23,Sí
1065,4,113380.08,2016-03-02,Sí
1066,2,58838.82,2023-01-17,No
1067,3,143359.38,2020-11-05,Sí
1068,2,62537.48,2020-12-31,Sí
1069,5,59445.28,2015-12-22,Sí
1070,1,140975.52,2021-09-05,Sí
1071,5,103850.15,2024-07-14,Sí
1072,5,147518.39,2020-08-22,No
1073,5,249238.1,2022-05-29,Sí
1074,3,216164.36,2024-06-05,Sí
1075,2,11840.99,2022-06-21,No
1076,3,22133.37,2021-06-01,No
1077,1,156419.07,2015-10-14,Sí
1078,5,160301.46,2016-10-18,Sí
1079,4,220765.8,2022-04-16,Sí
1080,1,160973.72,2023-05-28,No
1081,2,64651.49,2021-11-14,Sí
1082,1,122443.89,2016-05-14,Sí
1083,3,204156.5,2018-09-06,Sí
1084,4,231477.99,2024-12-25,Sí
1085,3,66859.63,2024-09-30,No
1086,5,139505.14,2023-04-22,Sí
1087,5,48142.61,2025-05-10,No
1088,1,129279.93,2015-07-19,Sí
1089,5,31627.39,2017-06-04,No
1090,5,236014.74,2016-11-10,Sí
1091,2,163133.55,2024-10-12,Sí
1092,2,215012.02,2019-03-10,No
1093,3,249590.84,2024-08-22,Sí
1094,3,53839.84,2017-04-23,Sí
1095,2,176594.42,2022-05-28,Sí
1096,1,222876.71,2021-11-22,Sí
1097,2,148225.16,2015-10-21,No
1098,3,163527.13,2022-07-09,Sí
1099,4,107841.06,2015-09-17,Sí
1100,5,171942.6,2017-08-19,Sí
1101,4,104938.7,2018-11-30,Sí
1102,4,124388.71,2022-05-19,Sí
1103,5,34698.82,2022-05-20,Sí
1104,2,11874.02,2021-02-03,Sí
1105,1,23236.27,2021-07-24,No
1106,4,56205.19,2021-08-04,Sí
1107,1,119584.92,2023-12-26,Sí
1108,3,15038.58,2023-09-26,Sí
1109,4,47424.79,2016-06-27,Sí
1110,3,197546.7,2017-10-25,Sí
1111,2,192919.97,2018-07-22,Sí
1112,4,199535.27,2024-05-09,Sí
1113,3,231169.83,2019-03-14,No
1114,3,38577.04,2022-03-01,Sí
1115,2,49153.57,2017-08-11,Sí
1116,1,90052.87,2017-10-22,No
1117,1,229633.89,2020-01-09,Sí
1118,4,196114.66,2022-10-19,No
1119,2,87789.11,2015-11-27,Sí
1120,4,31032.6,2021-10-18,Sí
1121,1,157931.21,2017-10-02,Sí
1122,2,71636.6,2024-01-21,Sí
1123,5,137476.62,2023-04-03,Sí
1124,2,236032.81,2023-08-06,Sí
1125,2,147428.14,2022-03-02,Sí
1126,5,231720.26,2017-07-26,Sí
1127,3,104329.31,2017-06-04,Sí
1128,3,162004.32,2018-07-31,Sí
1129,3,224533.59,2017-09-30,No
1130,1,151116.95,2024-09-04,Sí
1131,2,157575.68,2025-01-18,No
1132,5,181913.92,2016-12-27,Sí
1133,1,221705.86,2016-11-05,Sí
1134,5,31163.21,2015-09-14,Sí
1135,1,90846.25,2021-07-18,Sí
1136,1,105444.33,2023-11-04,No
1137,1,228330.32,2015-09-16,Sí
1138,5,239441.9,2022-08-05,Sí
1139,4,38891.31,2017-09-17,Sí
1140,1,38585.84,2015-07-12,Sí
1141,3,234366.83,2024-11-04,Sí
1142,2,80985.26,2023-03-29,Sí
1143,4,68035.46,2017-03-21,Sí
1144,4,18549.49,2019-08-14,Sí
1145,5,76143.02,2016-04-01,Sí
1146,4,176446.34,2019-11-28,Sí
1147,5,112248.68,2024-01-12,Sí
1148,5,134048.88,2017-02-13,Sí
1149,3,230150.94,2024-11-28,No
1150,1,37525.55,2018-06-16,Sí
1151,4,27097.77,2021-07-24,Sí
1152,1,214463.38,2017-03-16,Sí
1153,1,195965.39,2022-10-09,Sí
1154,1,73296.2,2017-08-15,Sí
1155,5,87816.19,2022-11-25,Sí
1156,1,84466.68,2017-09-03,Sí
1157,4,165474.11,2021-10-13,Sí
1158,5,24690.76,2022-07-07,Sí
1159,4,127456.38,2015-06-29,Sí
1160,5,42129.51,2022-01-29,No
1161,2,206737.25,2024-02-26,No
1162,2,101359.12,2020-07-23,Sí
1163,2,136617.33,2023-12-04,Sí
1164,2,17036.23,2023-12-18,Sí
1165,5,23983.44,2021-07-06,Sí
1166,1,172013.16,2015-12-31,Sí
1167,3,194024.93,2018-07-11,Sí
1168,3,180408.54,2018-06-26,Sí
1169,2,186884.47,2023-03-27,No
1170,1,35108.76,2022-12-25,No
1171,4,176428.2,2025-04-11,Sí
1172,1,53619.42,2021-12-31,No
1173,4,33523.7,2022-05-25,Sí
1174,3,191718.6,2023-03-03,Sí
1175,1,223457.47,2023-05-30,Sí
1176,1,182010.38,2016-03-22,Sí
1177,3,203337.63,2022-02-18,Sí
1178,1,247861.16,2023-02-12,No
1179,4,42341.42,2025-05-10,Sí
1180,1,241636.61,2023-02-02,Sí
1181,4,154287.47,2015-12-14,Sí
1182,2,205180.76,2020-03-16,Sí
1183,1,166040.6,2021-11-28,Sí
1184,4,146809.07,2023-09-10,Sí
1185,3,178868.56,2016-03-13,Sí
1186,2,86862.08,2016-06-02,Sí
1187,1,231825.17,2018-05-10,Sí
1188,4,37670.22,2016-10-30,Sí
1189,1,86327.48,2015-12-08,Sí
1190,4,17478.96,2019-03-21,Sí
1191,1,75117.53,2019-02-08,Sí
1192,2,62371.14,2018-10-02,No
1193,2,21911.41,2018-10-14,Sí
1194,1,128025.78,2018-05-26,No
1195,1,122472.65,2019-02-24,No
1196,5,28658.91,2024-01-13,No
1197,1,72844.13,2018-11-20,Sí
1198,1,238797.32,2015-08-10,Sí
1199,2,36576.79,2022-06-24,Sí
1200,1,83204.48,2020-12-30,Sí
1201,3,18606.98,2018-03-17,No
1202,1,45732.93,2020-12-11,Sí
1203,5,177855.31,2020-02-03,No
1204,4,98011.96,2018-02-02,Sí
1205,2,118498.38,2022-12-22,Sí
1206,3,47674.81,2024-08-29,Sí
1207,4,173713.64,2018-06-01,Sí
1208,3,190365.18,2016-11-22,Sí
1209,2,53466.89,2019-12-16,Sí
1210,5,20798.43,2017-11-04,Sí
1211,2,29425.87,2024-05-29,Sí
1212,3,167690.98,2017-10-08,Sí
1213,3,42522.54,2015-12-10,Sí
1214,2,128540.52,2023-07-04,Sí
1215,1,46633.97,2021-11-11,Sí
1216,2,50835.53,2025-04-27,Sí
1217,5,11046.52,2022-10-30,Sí
1218,2,86997.82,2016-01-13,Sí
1219,4,31551.34,2018-07-10,Sí
1220,1,104550.71,2023-11-01,Sí
1221,4,153468.23,2020-02-09,Sí
1222,2,98207.67,2022-10-09,Sí
1223,1,179219.59,2016-11-24,Sí
1224,4,187948.42,2015-10-08,Sí
1225,4,177185.53,2018-02-07,Sí
1226,1,234811.25,2019-07-17,Sí
1227,1,66950.63,2024-07-22,Sí
1228,3,55469.55,2016-03-07,Sí
1229,1,156330.76,2023-03-21,No
1230,2,152770.48,2021-11-26,Sí
1231,5,132423.6,2017-01-26,Sí
1232,3,11044.77,2021-10-14,Sí
1233,1,143257.18,2019-01-01,Sí
1234,5,233871.53,2017-07-23,No
1235,3,90298.65,2025-05-10,Sí
1236,2,242223.81,2016-09-14,No
1237,5,95621.6,2024-01-17,Sí
1238,1,43565.08,2023-09-22,Sí
1239,1,105616.82,2021-06-27,Sí
1240,2,128706.72,2020-12-02,No
1241,3,161071.46,2022-09-07,Sí
1242,5,131170.76,2024-07-08,Sí
1243,2,138812.47,2023-10-27,Sí
1244,3,15776.09,2015-12-25,Sí
1245,4,70868.84,2022-08-13,Sí
1246,4,84567.2,2018-04-24,Sí
1247,3,246901.25,2018-12-19,Sí
1248,1,80936.26,2016-10-23,Sí
1249,1,225178.92,2024-08-20,No
1250,4,83136.69,2023-07-16,Sí
1251,1,33066.48,2018-07-29,No
1252,1,69428.18,2016-02-20,Sí
1253,3,75478.81,2022-04-17,Sí
1254,3,244779.66,2022-08-17,No
1255,1,171829.96,2018-03-21,No
1256,3,233603.44,2017-07-07,Sí
1257,5,210398.81,2017-07-01,Sí
1258,4,148863.64,2016-08-31,Sí
1259,5,172093.1,2017-05-27,Sí
1260,5,159960.93,2023-06-14,Sí
1261,1,169903.13,2023-03-26,Sí
1262,1,73545.68,2016-02-24,No
1263,5,107950.03,2021-04-20,Sí
1264,5,152227.79,2023-12-17,Sí
1265,2,18622.83,2015-06-03,Sí
1266,2,125880.38,2020-08-17,Sí
1267,4,216334.46,2022-06-04,Sí
1268,5,128168.25,2016-11-30,No
1269,3,142557.61,2023-08-12,Sí
1270,2,58457.23,2021-08-11,Sí
1271,1,200642.4,2022-03-03,No
1272,5,96130.79,2018-04-16,Sí
1273,3,239581.01,2023-04-16,No
1274,3,248491.55,2020-10-27,Sí
1275,3,229840.13,2015-06-20,Sí
1276,1,30370.42,2020-03-11,Sí
1277,2,89963.96,2023-10-07,No
1278,3,236833.03,2016-02-29,No
1279,2,203087.99,2017-02-07,Sí
1280,4,228684.06,2022-08-01,Sí
1281,1,147412.77,2017-10-03,No
1282,2,125295.42,2022-06-05,Sí
1283,2,35559.12,2015-08-23,Sí
1284,3,211473.17,2021-12-01,Sí
1285,3,188833.97,2022-11-28,No
1286,1,24130.38,2021-04-16,Sí
1287,2,60259.5,2021-07-08,Sí
1288,5,143746.62,2017-11-11,No
1289,3,174256.58,2023-11-10,Sí
1290,3,43040.86,2019-10-12,Sí
1291,4,68757.96,2024-04-24,Sí
1292,1,56346.45,2020-11-07,No
1293,2,62799.32,2024-11-27,Sí
1294,2,230971.15,2021-01-13,Sí
1295,2,181796.7,2023-07-29,Sí
1296,3,186905.68,2023-01-04,Sí
1297,1,200558.87,2017-09-25,No
1298,2,95577.53,2020-11-10,Sí
1299,5,194124.31,2023-09-29,Sí
1300,4,244819.21,2021-10-05,Sí
1301,4,177614.62,2023-11-26,Sí
1302,2,110020.75,2023-01-17,No
1303,3,181926.35,2019-08-03,Sí
1304,4,226190.73,2016-02-23,Sí
1305,4,40902.77,2025-01-04,Sí
1306,4,73670.72,2025-01-16,Sí
1307,4,230631.09,2025-05-25,Sí
1308,2,237095.9,2024-06-04,No
1309,1,126193.39,2018-02-15,Sí
1310,1,99892.23,2024-02-06,Sí
1311,3,77867.63,2022-04-22,Sí
1312,5,129700.37,2019-09-27,No
1313,1,234287.48,2018-03-21,Sí
1314,5,45954.31,2021-08-02,Sí
1315,1,110759.35,2019-03-23,Sí
1316,1,228785.89,2022-07-13,Sí
1317,3,93788.62,2023-03-06,Sí
1318,4,194339.54,2016-03-24,No
1319,3,103422.35,2019-04-01,Sí
1320,1,203182.4,2022-01-26,Sí
1321,4,245440.56,2018-02-03,Sí
1322,4,103077.28,2020-10-26,Sí
1323,4,212823.68,2022-02-19,Sí
1324,5,247220.04,2022-11-12,Sí
1325,1,246119.23,2024-05-27,Sí
1326,2,114105.06,2020-05-02,Sí
1327,3,126582.67,2024-09-08,Sí
1328,5,82816.37,2016-11-15,Sí
1329,3,85364.5,2023-06-13,Sí
1330,2,128192.95,2020-05-11,Sí
1331,4,58124.46,2023-01-08,Sí
1332,2,180669.59,2023-01-20,No
1333,3,138714.05,2023-04-30,Sí
1334,2,225536.29,2023-12-11,Sí
1335,1,204539.78,2018-11-20,No
1336,2,87393.07,2025-04-07,Sí
1337,1,131393.11,2020-03-11,Sí
1338,2,190123.58,2024-06-04,Sí
1339,1,56368.03,2015-09-17,Sí
1340,1,17583.46,2023-01-11,Sí
1341,2,214553.09,2023-09-13,Sí
1342,5,43012.06,2021-10-01,Sí
1343,4,223458.74,2016-11-27,Sí
1344,4,229265.93,2022-07-19,No
1345,4,120568.11,2016-10-29,Sí
1346,1,203627.61,2025-02-09,Sí
1347,4,97165.9,2025-04-06,Sí
1348,1,215983.49,2023-04-04,Sí
1349,5,207923.65,2018-09-18,Sí
1350,2,28844.41,2020-11-05,Sí
1351,2,149824.42,2016-06-01,Sí
1352,1,163599.74,2024-10-15,Sí
1353,1,10205.75,2018-07-19,Sí
1354,5,245180.4,2018-04-10,Sí
1355,4,107576.22,2025-03-23,Sí
1356,5,134162.37,2020-03-12,Sí
1357,2,56752.98,2022-12-25,Sí
1358,2,156620.46,2022-06-05,Sí
1359,4,204548.77,2024-04-27,Sí
1360,2,150614.16,2023-04-11,Sí
1361,1,199128.41,2016-03-31,No
1362,2,185465.91,2022-11-24,Sí
1363,3,67037.87,2016-07-04,Sí
1364,4,114595.08,2015-06-17,Sí
1365,4,45670.45,2021-06-24,Sí
1366,4,20064.61,2016-10-29,Sí
1367,3,25136.55,2016-03-11,Sí
1368,5,236199.98,2019-09-29,Sí
1369,1,246288.99,2018-05-10,Sí
1370,4,32794.6,2021-04-25,No
1371,2,90446.42,2023-04-02,Sí
1372,1,37460.96,2020-01-25,Sí
1373,2,210214.92,2024-12-30,Sí
1374,1,129111.3,2016-04-13,Sí
1375,1,159102.82,2023-01-21,Sí
1376,2,139578.61,2016-07-01,Sí
1377,2,180460.86,2015-10-27,Sí
1378,1,86591.74,2021-11-30,Sí
1379,4,42998.41,2018-07-14,Sí
1380,2,14228.8,2024-04-01,Sí
1381,3,116966.29,2024-10-10,Sí
1382,3,227880.26,2024-04-03,Sí
1383,1,83263.97,2023-09-23,Sí
1384,5,57029.64,2016-09-08,Sí
1385,1,232250.26,2023-04-24,Sí
1386,1,35307.67,2022-09-24,Sí
1387,4,22432.25,2022-03-30,Sí
1388,4,221059.16,2021-02-19,Sí
1389,5,178218.25,2022-12-16,Sí
1390,5,111296.47,2023-03-12,Sí
1391,5,190562.55,2024-08-03,Sí
1392,5,187945.59,2017-08-28,Sí
1393,5,19614.54,2017-06-18,Sí
1394,1,172299.23,2015-10-11,Sí
1395,1,163809.37,2021-08-26,Sí
1396,3,241306.99,2021-05-19,Sí
1397,3,241989.43,2018-08-03,Sí
1398,2,100671.84,2019-06-15,Sí
1399,1,151562.06,2022-11-02,No
1400,5,43925.77,2022-11-14,Sí
1401,2,25949.57,2019-07-19,Sí
1402,4,113867.17,2020-07-20,Sí
1403,1,175571.68,2025-03-01,Sí
1404,3,146262.67,2023-03-02,Sí
1405,1,113117.66,2024-06-10,No
1406,1,206347.01,2022-05-09,Sí
1407,1,200662.59,2020-12-02,No
1408,1,185666.09,2023-10-08,Sí
1409,4,28487.74,2018-10-21,No
1410,3,201152.71,2015-11-26,Sí
1411,1,230661.12,2020-01-09,Sí
1412,4,24266.1,2015-07-10,Sí
1413,2,106401.13,2023-06-21,Sí
1414,1,247205.32,2021-01-30,Sí
1415,4,153817.33,2024-05-16,No
1416,5,133258.58,2016-09-15,Sí
1417,2,52587.08,2016-05-22,Sí
1418,3,145716.71,2020-02-20,No
1419,1,115370.38,2015-06-12,No
1420,1,40586.33,2017-10-13,Sí
1421,4,121439.84,2023-01-12,Sí
1422,3,49455.83,2017-02-15,No
1423,5,185359.27,2019-11-13,Sí
1424,2,243675.61,2025-01-28,Sí
1425,3,122698.49,2019-05-17,No
1426,1,161768.4,2025-03-27,Sí
1427,4,113434.13,2016-05-15,Sí
1428,5,43228.92,2019-12-11,Sí
1429,4,242933.27,2016-03-14,Sí
1430,2,41098.88,2021-08-20,Sí
1431,3,36790.43,2020-11-13,Sí
1432,4,120201.51,2016-06-20,Sí
1433,4,168132.94,2023-03-30,Sí
1434,1,95181.59,2025-02-22,Sí
1435,4,56204.09,2019-08-19,Sí
1436,5,206551.21,2017-09-24,Sí
1437,3,97144.8,2020-12-04,Sí
1438,2,56637.03,2019-03-20,Sí
1439,4,97620.37,2021-04-04,No
1440,5,61493.01,2020-11-15,Sí
1441,2,134667.46,2016-05-09,Sí
1442,5,170389.45,2024-12-13,Sí
1443,4,201893.77,2020-10-18,Sí
1444,4,64614.89,2019-11-10,No
1445,3,50068.96,2018-02-10,Sí
1446,1,14704.82,2020-12-19,Sí
1447,5,64741.06,2022-11-09,Sí
1448,1,15737.28,2018-10-13,No
1449,1,92913.81,2016-04-23,Sí
1450,2,44966.34,2017-04-12,Sí
1451,2,149174.94,2022-04-01,Sí
1452,5,102094.42,2018-04-25,Sí
1453,1,32460.48,2016-07-23,Sí
1454,3,105967.95,2022-08-08,Sí
1455,1,60243.55,2023-05-06,Sí
1456,2,173242.56,2018-01-25,Sí
1457,1,97464.7,2023-01-03,Sí
1458,4,45287.2,2020-08-01,Sí
1459,4,93904.42,2016-09-11,Sí
1460,3,63850.8,2019-09-05,Sí
1461,5,200986.96,2023-09-27,Sí
1462,1,246008.21,2022-03-18,Sí
1463,4,16117.93,2022-12-15,Sí
1464,5,175604.83,2015-08-24,No
1465,4,73349.88,2022-02-10,Sí
1466,5,25938.07,2020-03-26,Sí
1467,5,13444.31,2016-04-13,Sí
1468,4,221442.32,2018-08-08,Sí
1469,2,94865.56,2019-10-24,Sí
1470,5,248690.53,2019-02-26,Sí
1471,1,116170.52,2025-02-13,Sí
1472,4,55023.46,2023-08-17,Sí
1473,2,196514.46,2019-05-29,Sí
1474,4,232358.13,2018-11-11,No
1475,3,205749.05,2023-09-11,No
1476,1,188847.82,2018-07-20,Sí
1477,3,90327.93,2020-05-08,Sí
1478,5,25477.69,2018-07-26,Sí
1479,5,58311.84,2021-07-07,Sí
1480,3,117234.46,2019-01-15,No
1481,3,239487.97,2017-02-19,Sí
1482,5,183485.0,2024-01-22,Sí
1483,2,208787.93,2024-01-05,Sí
1484,1,76550.54,2018-10-04,Sí
1485,4,174117.53,2018-12-25,Sí
1486,3,216985.15,2019-05-30,No
1487,1,125058.76,2020-10-07,Sí
1488,4,113174.05,2024-08-26,Sí
1489,4,182657.08,2021-12-06,Sí
1490,3,144378.8,2016-12-08,Sí
1491,2,248361.06,2023-03-07,No
1492,2,112024.67,2025-04-03,Sí
1493,1,52226.39,2022-10-18,Sí
1494,1,123264.41,2024-03-08,Sí
1495,5,66449.2,2016-07-16,Sí
1496,2,144700.92,2023-08-24,Sí
1497,1,40191.28,2024-07-06,Sí
1498,5,237994.31,2019-02-23,Sí
1499,4,216357.49,2023-12-12,Sí
1500,1,47335.7,2024-04-23,Sí
1501,5,51374.3,2016-12-08,Sí
1502,2,132985.28,2015-12-13,Sí
1503,4,195491.53,2023-12-22,Sí
1504,1,62579.04,2024-04-07,Sí
1505,2,24633.21,2017-10-21,Sí
1506,4,140928.23,2016-10-06,Sí
1507,3,175983.31,2016-12-05,No
1508,2,68647.72,2020-05-07,Sí
1509,3,187544.27,2021-11-07,Sí
1510,1,238154.51,2017-02-07,Sí
1511,5,42897.87,2016-11-01,Sí
1512,1,132646.98,2023-09-08,Sí
1513,2,23642.07,2016-06-09,Sí
1514,3,59598.64,2020-09-15,Sí
1515,3,31556.64,2024-07-16,Sí
1516,4,106961.59,2022-03-14,Sí
1517,1,206999.63,2023-11-05,Sí
1518,1,148511.31,2015-12-21,No
1519,2,63420.36,2021-12-26,Sí
1520,3,19626.56,2023-12-27,Sí
1521,2,142815.57,2019-05-07,Sí
1522,2,41871.21,2020-04-28,Sí
1523,3,92256.17,2016-01-31,Sí
1524,2,132446.14,2017-04-30,Sí
1525,3,226895.81,2016-07-27,Sí
1526,2,29637.6,2015-12-02,Sí
1527,5,170465.82,2020-01-04,Sí
1528,2,13379.51,2015-07-13,Sí
1529,2,161178.05,2019-09-13,Sí
1530,5,142367.8,2019-03-04,Sí
1531,1,204847.99,2015-12-16,Sí
1532,3,137598.99,2025-04-19,Sí
1533,4,94627.98,2023-11-21,Sí
1534,5,68260.21,2022-03-31,Sí
1535,1,30459.94,2018-05-17,Sí
1536,2,138307.04,2020-05-06,Sí
1537,1,223197.26,2018-06-16,Sí
1538,5,133538.68,2022-06-20,Sí
1539,2,187384.69,2025-05-07,Sí
1540,1,81624.39,2024-02-17,Sí
1541,4,117551.41,2024-06-16,Sí
1542,3,87904.77,2021-08-11,No
1543,3,36223.87,2019-07-28,Sí
1544,5,110077.26,2022-02-25,Sí
1545,2,193428.94,2015-12-28,Sí
1546,2,104794.0,2024-08-01,Sí
1547,3,166043.01,2017-11-09,Sí
1548,1,192067.72,2022-03-25,Sí
1549,2,87456.69,2018-09-14,Sí
1550,4,201403.49,2016-01-25,No
1551,4,91342.17,2023-11-29,Sí
1552,2,71465.69,2020-10-30,No
1553,2,63387.08,2018-07-17,Sí
1554,3,57976.99,2024-01-02,Sí
1555,5,186909.78,2018-03-10,Sí
1556,3,223002.22,2022-04-30,Sí
1557,5,65355.63,2020-08-07,Sí
1558,4,30457.67,2021-05-09,Sí
1559,5,85304.07,2020-02-22,Sí
1560,3,167883.34,2023-04-02,No
1561,2,98444.82,2015-06-13,Sí
1562,5,141802.37,2025-06-01,Sí
1563,3,188633.19,2020-06-13,Sí
1564,4,108034.85,2022-11-24,No
1565,5,249926.76,2017-06-15,Sí
1566,4,81507.82,2021-12-26,Sí
1567,4,244779.6,2017-03-08,Sí
1568,1,58727.12,2024-01-05,Sí
1569,5,36623.62,2022-03-24,Sí
1570,3,190199.35,2015-12-14,Sí
1571,5,178554.32,2023-06-30,Sí
1572,5,204680.64,2019-02-02,Sí
1573,4,92461.7,2016-07-04,Sí
1574,4,233393.84,2019-08-14,Sí
1575,4,38675.54,2015-07-05,No
1576,4,17266.5,2020-07-12,Sí
1577,3,82135.33,2017-05-15,Sí
1578,2,201357.87,2017-02-11,Sí
1579,1,171515.75,2018-02-27,Sí
1580,4,114690.1,2017-09-16,No
1581,4,71500.87,2022-08-02,Sí
1582,1,24225.47,2019-10-11,Sí
1583,4,91001.34,2017-03-31,Sí
1584,2,120404.74,2025-03-28,Sí
1585,5,174885.72,2022-10-14,Sí
1586,1,165033.27,2022-02-25,Sí
1587,3,237362.78,2017-03-18,Sí
1588,1,34095.02,2020-12-10,Sí
1589,2,90721.63,2024-03-30,Sí
1590,3,125578.74,2018-09-27,No
1591,5,170966.99,2018-04-22,Sí
1592,4,128908.41,2021-09-03,Sí
1593,1,229061.98,2020-07-30,Sí
1594,3,156081.36,2020-12-29,Sí
1595,1,19519.7,2017-09-21,No
1596,5,37277.43,2015-08-20,Sí
1597,1,190838.93,2022-03-30,No
1598,3,181789.05,2024-01-18,Sí
1599,2,46839.28,2019-06-05,Sí
1600,3,24138.08,2016-12-23,Sí
1601,1,148892.29,2019-12-08,Sí
1602,5,162577.32,2022-10-21,Sí
1603,4,42471.91,2021-08-08,No
1604,4,123668.64,2016-04-12,Sí
1605,5,83399.57,2019-10-20,No
1606,1,233513.35,2020-05-14,Sí
1607,5,62607.95,2016-02-23,Sí
1608,1,185982.57,2018-10-07,Sí
1609,3,134352.14,2023-02-16,Sí
1610,2,12765.04,2020-09-21,No
1611,1,134079.66,2022-10-03,Sí
1612,4,33873.32,2020-04-20,Sí
1613,4,168174.93,2017-03-05,Sí
1614,2,145725.65,2019-01-10,No
1615,1,12502.53,2023-12-11,Sí
1616,2,59126.28,2023-12-16,Sí
1617,3,196294.01,2025-04-14,Sí
1618,2,76185.43,2020-09-23,Sí
1619,3,129828.02,2022-03-20,Sí
1620,4,84879.67,2017-06-08,Sí
1621,3,231166.45,2024-02-24,Sí
1622,1,138778.48,2017-01-11,Sí
1623,1,177081.64,2020-09-28,No
1624,1,30034.27,2018-07-13,Sí
1625,1,19680.64,2019-02-13,No
1626,5,72214.77,2022-03-04,Sí
1627,3,84192.23,2016-08-28,Sí
1628,1,175043.33,2016-09-21,Sí
1629,2,146591.32,2020-05-13,Sí
1630,2,99899.11,2017-11-22,No
1631,5,166988.2,2021-12-30,No
1632,3,49255.78,2022-07-31,Sí
1633,3,25237.53,2017-05-23,No
1634,3,215081.22,2024-02-08,Sí
1635,5,145347.07,2020-02-15,No
1636,3,165782.87,2018-02-21,Sí
1637,3,83738.14,2016-05-14,No
1638,1,99269.19,2019-06-10,No
1639,3,29768.19,2019-01-25,Sí
1640,1,215677.17,2023-11-25,Sí
1641,1,152185.47,2016-01-05,Sí
1642,3,30070.64,2024-10-30,Sí
1643,2,203087.1,2022-11-15,Sí
1644,4,116587.69,2017-06-21,Sí
1645,2,193624.32,2016-08-01,Sí
1646,3,13028.77,2019-02-22,Sí
1647,3,16897.53,2018-02-14,Sí
1648,2,50987.91,2020-04-15,Sí
1649,3,60619.97,2023-01-23,Sí
1650,1,193349.33,2020-06-16,Sí
1651,5,179606.6,2025-01-16,Sí
1652,3,157861.15,2016-04-18,Sí
1653,3,222366.14,2019-05-10,Sí
1654,2,69315.71,2018-06-13,Sí
1655,1,227057.18,2021-01-26,Sí
1656,2,228273.06,2018-05-09,No
1657,2,114222.34,2020-08-09,Sí
1658,3,32652.69,2018-03-31,No
1659,1,184374.38,2017-11-09,Sí
1660,3,90862.88,2024-02-25,No
1661,3,200783.08,2024-03-29,Sí
1662,3,49285.67,2017-02-12,Sí
1663,3,139483.63,2021-04-13,No
1664,5,131937.7,2023-03-08,Sí
1665,4,34075.48,2021-06-14,No
1666,1,97199.88,2016-07-17,Sí
1667,5,30341.28,2019-12-07,Sí
1668,4,121537.67,2023-01-30,Sí
1669,4,212297.09,2015-07-18,No
1670,4,74849.14,2022-05-07,Sí
1671,5,193566.88,2017-03-10,Sí
1672,1,54022.58,2020-11-30,Sí
1673,2,171696.38,2018-10-26,No
1674,4,229728.98,2018-05-21,Sí
1675,2,87742.74,2017-05-02,No
1676,2,226098.79,2018-04-04,Sí
1677,3,131301.02,2016-01-16,Sí
1678,2,86033.23,2019-06-07,Sí
1679,3,225161.98,2019-05-27,Sí
1680,1,17688.94,2020-04-27,Sí
1681,1,16724.52,2022-01-26,Sí
1682,3,153959.11,2018-02-19,Sí
1683,1,201220.17,2023-02-18,Sí
1684,4,190371.11,2017-11-22,Sí
1685,1,29072.68,2024-04-10,Sí
1686,3,238060.29,2019-09-02,Sí
1687,4,178735.25,2022-06-22,Sí
1688,2,237786.89,2024-12-19,Sí
1689,2,88983.46,2017-01-28,Sí
1690,2,176545.39,2015-10-25,No
1691,3,216385.3,2022-05-05,Sí
1692,2,101311.41,2018-12-05,No
1693,1,241566.38,2015-10-16,Sí
1694,2,73598.27,2016-07-05,No
1695,5,85747.27,2021-01-18,Sí
1696,5,230878.86,2024-10-20,Sí
1697,2,242718.34,2016-04-22,Sí
1698,2,78446.98,2015-06-05,Sí
1699,5,42733.61,2022-11-15,Sí
1700,2,192173.3,2019-08-06,Sí
1701,4,233119.66,2018-06-21,Sí
1702,5,154171.27,2017-05-13,No
1703,3,162284.55,2018-09-19,No
1704,5,193106.4,2016-01-02,Sí
1705,1,46740.36,2021-04-12,Sí
1706,4,243632.54,2017-09-06,No
1707,3,97439.05,2022-11-19,No
1708,2,160777.7,2017-09-05,Sí
1709,1,122467.84,2018-06-17,Sí
1710,1,122363.44,2016-06-25,Sí
1711,4,178658.65,2023-04-16,No
1712,3,248718.95,2016-05-11,Sí
1713,1,168174.36,2017-12-25,Sí
1714,3,200574.19,2024-12-27,Sí
1715,3,16627.85,2016-09-19,No
1716,1,204502.57,2019-12-21,Sí
1717,3,81994.21,2019-08-01,Sí
1718,4,40408.44,2021-02-07,Sí
1719,1,37200.18,2025-02-09,No
1720,4,173169.96,2024-03-23,Sí
1721,4,249428.04,2023-06-29,Sí
1722,3,169886.82,2020-10-22,Sí
1723,3,72963.56,2018-11-19,Sí
1724,1,58793.43,2024-04-06,Sí
1725,2,136229.7,2020-07-09,Sí
1726,1,25609.43,2017-05-08,Sí
1727,4,105839.4,2016-11-01,No
1728,3,169896.38,2015-08-04,Sí
1729,4,242238.95,2021-08-06,Sí
1730,5,112156.83,2019-07-24,Sí
1731,5,58053.75,2022-12-24,Sí
1732,4,206166.98,2015-12-21,Sí
1733,2,188607.89,2022-11-04,Sí
1734,2,216328.93,2020-01-11,Sí
1735,1,61532.49,2019-11-23,Sí
1736,1,107159.73,2018-10-02,Sí
1737,1,245573.07,2016-09-25,Sí
1738,3,47930.16,2018-12-17,Sí
1739,2,171148.2,2021-01-04,Sí
1740,4,66924.27,2016-11-18,Sí
1741,5,130038.16,2019-11-12,Sí
1742,2,202122.31,2015-08-24,Sí
1743,2,127260.65,2020-05-31,Sí
1744,2,203315.61,2017-04-02,Sí
1745,1,112320.38,2019-05-08,No
1746,3,249844.7,2016-06-28,Sí
1747,4,114598.78,2017-08-18,Sí
1748,1,45851.07,2023-11-22,No
1749,3,106448.68,2018-07-04,Sí
1750,2,188222.36,2016-05-02,Sí
1751,3,213505.06,2019-01-01,No
1752,1,120424.79,2016-11-21,Sí
1753,2,152674.44,2024-02-03,Sí
1754,1,212773.62,2023-02-02,Sí
1755,4,205251.08,2020-08-30,Sí
1756,2,167853.74,2024-01-25,Sí
1757,3,205606.51,2024-12-29,Sí
1758,1,148218.58,2023-08-26,Sí
1759,5,11115.56,2021-10-10,Sí
1760,3,19904.03,2024-09-11,Sí
1761,3,245154.02,2022-12-12,No
1762,2,44798.09,2015-08-11,Sí
1763,3,107083.94,2021-10-11,Sí
1764,1,234114.71,2023-02-12,Sí
1765,5,56809.48,2018-05-16,Sí
1766,4,212509.92,2022-02-06,Sí
1767,5,206384.22,2015-10-31,Sí
1768,1,246719.12,2016-04-25,Sí
1769,2,77603.64,2019-08-13,No
1770,1,85678.09,2015-12-26,Sí
1771,3,226690.72,2019-04-02,Sí
1772,2,66178.97,2020-06-29,Sí
1773,4,141496.23,2015-06-19,Sí
1774,4,179762.79,2020-04-11,No
1775,1,75252.22,2024-02-23,Sí
1776,3,235219.11,2016-12-03,No
1777,4,169767.41,2020-06-14,Sí
1778,5,21313.43,2021-09-07,Sí
1779,2,42577.01,2018-06-01,Sí
1780,5,55787.58,2024-09-13,Sí
1781,4,68789.77,2023-11-04,Sí
1782,4,185362.57,2025-02-12,Sí
1783,1,31344.46,2018-11-18,Sí
1784,1,94142.72,2022-08-13,No
1785,2,228732.0,2023-03-04,No
1786,1,143600.24,2016-11-04,Sí
1787,3,73719.18,2016-02-15,No
1788,2,239693.51,2024-01-22,Sí
1789,3,68635.81,2023-09-22,Sí
1790,1,227223.91,2022-04-25,Sí
1791,2,184184.72,2017-02-04,Sí
1792,4,187725.05,2020-07-21,No
1793,5,193585.44,2016-08-05,Sí
1794,4,131576.63,2024-05-14,Sí
1795,3,205498.89,2022-04-02,Sí
1796,4,210686.34,2021-12-27,Sí
1797,4,96516.81,2020-10-27,Sí
1798,5,106082.68,2020-12-01,Sí
1799,5,223301.61,2024-05-12,Sí
1800,4,135935.02,2022-04-01,Sí
1801,5,218066.44,2016-01-05,Sí
1802,4,160424.67,2019-03-10,Sí
1803,2,152456.26,2020-10-18,Sí
1804,4,17435.43,2020-12-14,No
1805,1,76694.66,2024-02-19,Sí
1806,5,130493.84,2020-04-26,Sí
1807,5,150956.12,2019-05-28,Sí
1808,3,161304.29,2023-08-13,Sí
1809,3,181893.48,2024-01-10,Sí
1810,1,167496.02,2017-04-19,No
1811,5,213658.41,2020-06-18,Sí
1812,5,80912.88,2022-11-01,No
1813,3,163976.8,2025-04-07,No
1814,3,22278.28,2023-02-07,No
1815,4,125245.62,2024-04-19,Sí
1816,5,74327.91,2021-07-27,No
1817,5,101412.92,2017-08-16,Sí
1818,4,95119.06,2024-03-08,Sí
1819,5,24503.36,2023-02-15,Sí
1820,1,121994.99,2019-09-21,Sí
1821,3,248711.03,2018-07-30,Sí
1822,3,81744.65,2019-02-07,Sí
1823,3,186675.03,2016-10-28,No
1824,2,141469.2,2022-07-23,Sí
1825,1,88054.07,2018-01-01,Sí
1826,1,31505.69,2015-10-15,Sí
1827,4,61805.9,2020-07-23,No
1828,2,197644.85,2016-09-29,Sí
1829,5,76964.84,2021-03-08,Sí
1830,1,44632.6,2016-04-15,Sí
1831,2,89511.6,2019-08-21,Sí
1832,2,150170.31,2015-10-15,Sí
1833,1,178831.16,2020-05-31,Sí
1834,4,102967.56,2019-08-01,Sí
1835,2,129555.32,2022-08-09,Sí
1836,3,119180.01,2021-03-12,No
1837,2,12160.8,2021-03-31,Sí
1838,5,104944.11,2016-10-02,Sí
1839,1,150956.75,2020-10-04,Sí
1840,5,146786.73,2017-08-14,Sí
1841,4,189944.21,2022-02-15,No
1842,3,170890.22,2022-05-08,Sí
1843,1,76433.63,2023-04-01,Sí
1844,2,71354.48,2020-02-28,Sí
1845,3,121394.03,2019-02-13,Sí
1846,2,185912.72,2024-03-11,Sí
1847,4,32518.55,2019-10-12,No
1848,1,237598.38,2021-09-02,No
1849,4,140356.75,2023-05-28,Sí
1850,4,83538.01,2015-06-24,Sí
1851,4,176413.9,2020-09-09,Sí
1852,4,20734.2,2019-12-06,Sí
1853,2,126255.26,2018-02-13,Sí
1854,5,126632.72,2020-02-15,Sí
1855,2,48874.07,2020-01-20,Sí
1856,3,210973.08,2016-10-08,Sí
1857,4,201234.91,2017-08-28,Sí
1858,3,46655.77,2019-12-02,Sí
1859,2,97318.55,2017-04-24,Sí
1860,4,34103.09,2023-04-07,Sí
1861,2,213666.1,2023-06-06,Sí
1862,4,87596.82,2023-08-27,Sí
1863,2,115435.91,2021-10-07,Sí
1864,1,87729.27,2024-12-18,Sí
1865,5,84406.24,2016-03-04,Sí
1866,5,189352.54,2016-08-21,No
1867,4,189415.9,2021-11-08,Sí
1868,1,134269.16,2016-12-01,Sí
1869,3,167828.07,2019-05-15,Sí
1870,1,132799.17,2024-05-29,Sí
1871,4,16861.41,2025-04-12,Sí
1872,1,25841.54,2017-01-03,No
1873,3,102097.74,2018-01-06,Sí
1874,4,189939.13,2025-03-02,No
1875,5,229174.29,2016-09-19,Sí
1876,1,17129.99,2017-07-11,Sí
1877,5,98327.21,2017-06-06,Sí
1878,5,63707.78,2021-08-26,Sí
1879,2,205649.27,2020-01-18,Sí
1880,3,213032.35,2024-11-24,Sí
1881,1,59538.13,2018-05-18,Sí
1882,5,180598.54,2021-08-24,Sí
1883,5,185621.45,2021-01-02,Sí
1884,3,52493.85,2018-05-26,Sí
1885,5,114087.02,2023-01-27,No
1886,5,158881.07,2017-12-19,Sí
1887,5,16255.99,2020-08-13,Sí
1888,5,107102.04,2020-04-15,Sí
1889,2,47189.98,2024-09-22,Sí
1890,2,140055.16,2024-08-23,Sí
1891,4,212300.22,2015-07-07,Sí
1892,1,135940.95,2017-03-28,Sí
1893,3,18636.06,2019-08-01,Sí
1894,4,17117.74,2022-09-09,Sí
1895,2,155320.76,2017-03-08,No
1896,2,88715.57,2022-02-04,No
1897,2,147439.96,2016-03-13,No
1898,4,49272.91,2023-09-27,Sí
1899,2,196446.96,2022-10-03,Sí
1900,4,216572.73,2019-02-10,Sí
1901,2,223414.14,2016-05-27,Sí
1902,5,82977.9,2021-03-06,Sí
1903,5,168576.49,2015-07-26,Sí
1904,1,76970.17,2020-12-30,No
1905,2,193061.64,2023-10-14,Sí
1906,1,38926.0,2024-09-11,Sí
1907,4,193063.55,2023-07-26,Sí
1908,1,115534.87,2019-12-25,Sí
1909,2,215331.88,2022-12-29,Sí
1910,4,187343.41,2020-02-17,Sí
1911,4,100364.71,2025-01-02,Sí
1912,5,226849.4,2019-03-04,Sí
1913,4,78000.91,2016-11-19,Sí
1914,4,242077.27,2018-07-28,Sí
1915,1,194128.81,2015-06-24,Sí
1916,4,247761.96,2022-11-08,Sí
1917,3,22937.11,2017-01-22,Sí
1918,5,75768.65,2016-01-05,Sí
1919,5,187903.42,2022-11-03,Sí
1920,4,231339.93,2024-10-04,Sí
1921,1,16905.0,2020-05-05,No
1922,5,10002.23,2020-08-10,Sí
1923,5,71498.23,2016-06-09,Sí
1924,3,214666.88,2022-05-29,Sí
1925,4,194116.74,2022-05-03,Sí
1926,5,91666.59,2022-04-07,Sí
1927,5,10482.7,2024-06-15,Sí
1928,5,143129.38,2020-10-17,Sí
1929,5,67109.31,2023-05-18,Sí
1930,1,188946.14,2019-07-22,Sí
1931,2,117123.92,2017-03-24,Sí
1932,3,172864.46,2015-06-22,Sí
1933,1,214554.12,2017-06-14,Sí
1934,3,138582.35,2021-04-18,Sí
1935,5,90629.33,2024-12-05,No
1936,3,194690.45,2021-06-16,Sí
1937,4,73644.94,2023-01-28,Sí
1938,4,223964.52,2024-01-18,Sí
1939,2,27142.64,2018-09-27,Sí
1940,2,210512.47,2024-01-28,Sí
1941,3,31973.37,2021-09-30,Sí
1942,1,23472.88,2015-06-21,Sí
1943,1,97181.66,2022-03-21,Sí
1944,5,239571.85,2024-12-31,Sí
1945,1,246036.65,2019-02-18,No
1946,2,58496.92,2025-05-09,No
1947,1,45673.01,2018-07-26,Sí
1948,5,94708.8,2015-08-13,Sí
1949,4,90900.84,2017-02-06,No
1950,1,192302.29,2016-02-22,Sí
1951,1,116559.76,2017-08-03,Sí
1952,2,197172.06,2024-12-06,Sí
1953,3,189691.14,2025-01-12,Sí
1954,4,148794.5,2023-08-03,Sí
1955,3,210042.9,2016-06-04,No
1956,5,56955.46,2021-02-06,Sí
1957,5,48834.52,2024-08-11,Sí
1958,3,190156.06,2018-09-15,Sí
1959,2,68751.29,2019-08-24,Sí
1960,2,10670.65,2018-10-09,No
1961,2,228870.44,2015-10-25,Sí
1962,4,159504.89,2023-05-03,Sí
1963,5,116785.05,2015-07-25,Sí
1964,5,184176.76,2024-08-31,Sí
1965,5,89999.62,2023-08-22,Sí
1966,4,238879.85,2020-08-25,Sí
1967,5,26468.87,2018-11-10,Sí
1968,3,163827.57,2018-11-12,Sí
1969,1,196549.48,2024-04-25,Sí
1970,4,122590.22,2020-03-13,Sí
1971,1,191192.41,2022-03-15,Sí
1972,3,232458.5,2024-10-31,Sí
1973,2,188558.54,2020-11-21,No
1974,2,84248.05,2018-11-10,No
1975,2,144843.13,2016-12-23,Sí
1976,4,228784.84,2022-03-31,Sí
1977,2,117783.45,2025-02-13,Sí
1978,4,173607.64,2021-02-18,Sí
1979,4,121723.53,2017-11-11,Sí
1980,1,39122.6,2015-08-25,Sí
1981,2,24063.43,2023-09-23,No
1982,5,238545.75,2022-10-01,Sí
1983,2,157010.03,2022-08-19,Sí
1984,2,34915.58,2015-10-07,Sí
1985,2,215785.25,2021-11-16,Sí
1986,5,135446.35,2018-03-20,Sí
1987,5,195263.71,2021-04-27,No
1988,4,40421.49,2018-06-08,Sí
1989,5,227658.5,2025-02-25,Sí
1990,4,151728.51,2020-12-16,Sí
1991,1,187182.56,2023-03-29,No
1992,4,17531.13,2024-05-29,Sí
1993,2,85673.18,2024-10-29,Sí
1994,3,74186.9,2021-02-05,Sí
1995,3,237902.8,2024-03-30,Sí
1996,2,54481.26,2024-03-19,Sí
1997,4,179692.41,2023-10-27,Sí
1998,2,20260.85,2018-10-06,Sí
1999,5,57444.18,2024-04-29,No
2000,4,91263.37,2015-07-12,Sí
2001,2,200681.4,2019-09-11,Sí
2002,5,199594.38,2022-08-13,Sí
2003,5,238624.45,2020-08-18,Sí
2004,4,230024.2,2022-09-23,Sí
2005,1,29563.5,2016-06-06,Sí
2006,1,209168.25,2019-08-23,Sí
2007,5,118281.66,2024-12-16,Sí
2008,1,217812.66,2020-07-10,Sí
2009,5,31428.7,2016-09-16,Sí
2010,1,207464.58,2023-03-10,Sí
2011,5,48314.2,2017-12-17,Sí
2012,5,90121.99,2025-03-10,Sí
2013,5,16923.62,2017-02-26,Sí
2014,5,39694.74,2018-10-22,Sí
2015,3,116974.21,2016-05-20,Sí
2016,1,206401.2,2024-04-22,No
2017,5,195680.75,2020-12-01,Sí
2018,2,66471.46,2023-05-24,No
2019,4,46405.71,2017-09-10,Sí
2020,2,103423.23,2017-09-26,Sí
2021,2,221984.4,2016-05-17,Sí
2022,3,31942.02,2019-02-10,Sí
2023,1,140299.36,2024-07-16,Sí
2024,3,31313.8,2021-03-02,Sí
2025,1,122850.91,2019-04-11,Sí
2026,5,40429.96,2022-09-14,Sí
2027,3,29280.86,2018-07-09,Sí
2028,4,55803.84,2024-05-06,Sí
2029,1,71261.44,2023-02-26,Sí
2030,3,76303.69,2021-08-11,Sí
2031,4,164864.31,2015-06-11,Sí
2032,2,23195.65,2015-09-15,Sí
2033,5,29394.17,2015-10-24,Sí
2034,5,55289.48,2019-11-09,Sí
2035,2,219295.14,2015-06-05,Sí
2036,3,160865.18,2016-07-05,Sí
2037,2,185288.72,2021-03-12,No
2038,4,98886.92,2023-12-12,Sí
2039,1,61172.88,2022-07-04,Sí
2040,3,19110.73,2021-02-18,Sí
2041,1,127248.55,2017-06-07,Sí
2042,2,147827.43,2021-05-17,Sí
2043,5,225280.67,2018-03-07,Sí
2044,1,221702.31,2017-04-18,Sí
2045,1,111924.44,2023-04-25,Sí
2046,5,111658.7,2023-02-26,Sí
2047,1,48669.5,2018-09-08,Sí
2048,1,71787.76,2021-12-03,Sí
2049,5,232159.26,2025-01-04,Sí
2050,5,43848.64,2022-03-14,Sí
2051,2,242487.89,2015-09-26,Sí
2052,2,131137.25,2019-12-29,Sí
2053,1,119585.63,2019-05-21,Sí
2054,3,51913.21,2018-06-16,Sí
2055,2,168769.9,2021-10-05,Sí
2056,2,120362.92,2024-03-09,Sí
2057,3,98959.14,2023-05-31,No
2058,3,73483.89,2021-12-06,Sí
2059,5,25956.83,2017-11-20,Sí
2060,2,134638.75,2022-02-04,Sí
2061,4,85098.0,2024-08-09,No
2062,4,179887.65,2022-02-02,Sí
2063,1,183645.37,2020-10-26,Sí
2064,2,89705.68,2017-02-27,Sí
2065,4,170588.96,2025-04-13,Sí
2066,2,72082.06,2023-08-29,Sí
2067,2,184521.69,2020-03-14,Sí
2068,4,13858.51,2024-01-05,Sí
2069,2,46386.1,2017-07-31,Sí
2070,3,68802.08,2017-04-07,Sí
2071,1,195504.52,2017-10-09,Sí
2072,5,25930.3,2017-10-05,Sí
2073,4,55133.71,2019-03-22,Sí
2074,5,96069.79,2024-12-09,Sí
2075,1,12202.0,2019-10-03,Sí
2076,3,192909.03,2024-08-10,Sí
2077,3,144425.24,2021-02-18,Sí
2078,3,226163.05,2024-12-15,Sí
2079,3,17447.45,2025-02-23,No
2080,4,75133.76,2020-04-06,Sí
2081,4,185500.4,2024-11-24,Sí
2082,2,172035.86,2021-03-30,Sí
2083,2,68333.79,2023-06-21,No
2084,1,152965.06,2020-12-29,Sí
2085,2,200501.84,2020-04-27,No
2086,1,18011.37,2016-01-21,Sí
2087,1,182230.82,2018-10-07,Sí
2088,1,70503.3,2017-06-12,Sí
2089,3,237484.31,2021-05-29,Sí
2090,5,139172.85,2015-07-26,Sí
2091,5,18012.68,2018-04-03,Sí
2092,4,106823.35,2019-01-20,Sí
2093,1,241914.85,2020-07-11,No
2094,3,185289.52,2025-04-13,Sí
2095,2,82114.96,2018-11-24,No
2096,2,148064.15,2020-01-04,Sí
2097,4,153784.33,2016-02-14,Sí
2098,4,15603.56,2020-12-23,Sí
2099,1,52920.01,2016-05-29,Sí
2100,1,142426.47,2015-12-05,Sí
2101,2,106660.61,2017-10-10,Sí
2102,2,55609.08,2016-12-19,Sí
2103,2,195440.5,2022-08-08,Sí
2104,2,127358.77,2023-02-18,Sí
2105,5,84393.55,2017-07-03,Sí
2106,1,48802.56,2019-12-12,Sí
2107,1,156679.21,2021-06-17,No
2108,2,169902.71,2022-09-04,Sí
2109,3,170703.33,2015-09-02,No
2110,2,62868.97,2021-09-16,Sí
2111,4,152881.22,2023-11-17,Sí
2112,3,227297.55,2015-07-09,Sí
2113,4,94765.02,2020-09-09,Sí
2114,3,60584.06,2015-12-07,Sí
2115,4,195315.88,2019-11-03,Sí
2116,2,52451.91,2021-07-14,Sí
2117,2,70899.69,2019-07-04,No
2118,3,34154.65,2018-11-12,Sí
2119,4,74289.84,2016-05-05,Sí
2120,5,108480.42,2023-03-28,Sí
2121,3,25397.89,2025-02-14,Sí
2122,3,219210.14,2023-09-08,Sí
2123,1,133281.95,2024-09-13,Sí
2124,3,151144.87,2019-11-01,Sí
2125,5,99108.58,2018-10-08,Sí
2126,2,170760.46,2021-11-13,Sí
2127,4,113627.62,2023-02-15,No
2128,1,192715.31,2022-10-18,No
2129,4,207136.51,2024-10-29,Sí
2130,2,171243.79,2018-03-10,Sí
2131,3,127920.55,2025-03-25,Sí
2132,5,197744.64,2018-06-01,Sí
2133,1,128628.47,2016-02-25,Sí
2134,5,36762.38,2021-07-19,Sí
2135,5,37921.65,2022-01-30,No
2136,5,237659.95,2017-06-05,Sí
2137,5,61255.12,2024-09-09,Sí
2138,2,205822.0,2016-06-26,Sí
2139,5,69209.3,2016-02-02,Sí
2140,5,113387.22,2023-05-19,No
2141,2,167187.55,2015-12-16,Sí
2142,4,48128.12,2019-01-14,Sí
2143,2,186939.16,2025-01-19,Sí
2144,3,175579.11,2022-12-08,Sí
2145,2,140339.89,2020-02-14,Sí
2146,4,145813.54,2020-05-31,Sí
2147,3,35385.23,2016-04-03,Sí
2148,3,114627.8,2018-01-15,Sí
2149,1,30777.13,2016-07-21,Sí
2150,5,83887.19,2020-02-07,Sí
2151,3,226074.91,2020-11-23,No
2152,3,147888.02,2016-05-10,No
2153,4,188248.83,2024-10-28,Sí
2154,3,147732.61,2016-10-26,No
2155,4,56616.82,2019-10-06,Sí
2156,5,152754.0,2020-09-11,Sí
2157,1,191293.14,2020-07-04,Sí
2158,1,43217.2,2024-02-28,Sí
2159,5,206057.61,2020-04-21,No
2160,5,143294.12,2024-12-14,Sí
2161,2,11026.05,2024-08-28,Sí
2162,3,134746.84,2020-12-03,Sí
2163,3,104961.16,2020-03-16,No
2164,3,81147.16,2019-03-28,Sí
2165,4,195101.73,2025-04-14,No
2166,2,225879.97,2023-04-12,Sí
2167,3,193036.74,2018-04-09,Sí
2168,4,213225.42,2025-04-29,Sí
2169,4,228107.43,2019-10-27,Sí
2170,1,229031.03,2021-05-19,Sí
2171,4,37513.15,2023-01-30,Sí
2172,5,119532.52,2025-01-12,Sí
2173,4,10068.75,2023-05-16,Sí
2174,5,131551.02,2016-12-22,Sí
2175,5,231818.54,2023-09-30,Sí
2176,1,57784.55,2019-12-06,Sí
2177,1,163548.79,2020-02-04,Sí
2178,4,164650.97,2018-07-31,Sí
2179,1,48484.96,2015-08-16,No
2180,1,67246.59,2018-11-05,Sí
2181,3,120885.23,2015-07-31,Sí
2182,4,55170.25,2015-06-25,Sí
2183,4,150398.55,2015-12-03,Sí
2184,4,126290.02,2015-07-31,Sí
2185,1,134607.56,2022-11-12,Sí
2186,1,42272.21,2019-10-02,Sí
2187,5,134140.44,2024-09-16,Sí
2188,2,21874.77,2025-05-12,Sí
2189,2,221568.47,2023-03-12,Sí
2190,2,92379.93,2021-10-19,Sí
2191,3,215520.96,2022-09-02,Sí
2192,1,178397.53,2024-04-02,No
2193,5,193881.42,2016-09-16,Sí
2194,5,85490.68,2015-12-19,Sí
2195,2,64658.55,2017-09-18,Sí
2196,3,107617.73,2018-10-22,No
2197,3,15814.21,2015-06-05,Sí
2198,2,230501.36,2018-04-09,Sí
2199,2,102883.42,2022-09-27,Sí
2200,1,247253.59,2018-11-12,Sí
2201,3,192747.86,2025-05-21,Sí
2202,5,29323.6,2016-06-30,Sí
2203,2,168445.19,2020-10-16,Sí
2204,1,75001.4,2022-07-10,Sí
2205,5,68492.47,2021-06-05,Sí
2206,3,71575.04,2025-05-01,Sí
2207,2,229858.01,2018-11-21,Sí
2208,2,129995.24,2018-12-31,Sí
2209,1,170673.02,2018-02-02,Sí
2210,1,77427.48,2023-05-06,Sí
2211,3,135509.07,2019-04-20,No
2212,2,94024.03,2019-10-10,Sí
2213,1,87073.37,2022-09-09,Sí
2214,2,69272.52,2024-05-06,Sí
2215,3,108161.66,2024-08-16,Sí
2216,2,168407.23,2018-04-21,Sí
2217,5,63290.51,2023-03-19,Sí
2218,2,241706.56,2018-04-01,Sí
2219,4,39906.8,2019-11-02,Sí
2220,4,125249.73,2024-04-02,No
2221,3,30406.77,2020-11-03,No
2222,3,15439.68,2025-05-15,Sí
2223,3,231442.56,2017-06-09,Sí
2224,5,204492.35,2021-07-28,Sí
2225,5,176597.29,2022-05-25,Sí
2226,2,217645.8,2019-10-14,Sí
2227,1,202683.62,2019-02-01,Sí
2228,4,165337.05,2024-08-02,Sí
2229,4,213362.16,2019-07-02,Sí
2230,4,103792.13,2023-02-14,Sí
2231,2,142660.44,2017-04-23,No
2232,2,196314.56,2017-05-24,Sí
2233,3,30351.52,2017-01-18,Sí
2234,1,216074.91,2019-05-03,Sí
2235,3,47639.31,2023-09-23,No
2236,2,217489.9,2017-07-26,Sí
2237,5,84719.89,2024-10-30,Sí
2238,3,88427.88,2016-04-18,No
2239,2,27747.69,2018-08-12,Sí
2240,2,222615.91,2024-06-28,Sí
2241,5,51882.5,2023-05-17,Sí
2242,5,161211.98,2021-08-23,Sí
2243,5,164552.22,2017-04-23,Sí
2244,1,77476.36,2016-12-19,Sí
2245,2,246558.63,2022-01-13,Sí
2246,5,25399.89,2016-06-20,Sí
2247,1,155889.28,2019-03-26,Sí
2248,4,125090.54,2019-05-27,Sí
2249,4,68916.19,2015-06-02,Sí
2250,4,49252.41,2024-07-05,No
2251,2,186900.25,2024-11-03,Sí
2252,1,229915.57,2023-07-30,Sí
2253,1,35811.1,2023-06-18,Sí
2254,4,56555.25,2024-03-13,Sí
2255,3,246704.74,2023-03-25,Sí
2256,4,13605.44,2017-05-25,Sí
2257,2,131980.47,2020-08-13,Sí
2258,4,133867.08,2021-07-21,Sí
2259,4,73158.77,2018-01-29,Sí
2260,1,169126.93,2024-06-04,Sí
2261,4,236785.82,2020-10-22,Sí
2262,5,118051.34,2025-05-17,Sí
2263,5,189860.68,2017-06-27,Sí
2264,3,165056.86,2015-06-14,Sí
2265,2,123506.05,2019-09-02,No
2266,2,21954.95,2024-10-01,No
2267,1,188019.95,2017-12-06,Sí
2268,2,97180.35,2020-01-17,No
2269,3,63878.73,2015-12-26,Sí
2270,5,237584.48,2020-04-07,Sí
2271,1,195640.66,2019-04-16,Sí
2272,5,240944.48,2022-01-24,No
2273,3,71492.06,2023-09-14,No
2274,1,210590.4,2020-08-31,Sí
2275,4,155853.14,2017-07-02,Sí
2276,2,245560.89,2021-02-09,Sí
2277,3,237116.07,2023-06-02,Sí
2278,1,243512.33,2016-11-29,Sí
2279,5,238424.23,2022-07-20,Sí
2280,1,11838.61,2017-10-17,Sí
2281,4,187860.5,2020-11-15,Sí
2282,3,75264.29,2023-05-08,Sí
2283,1,179206.5,2023-12-01,Sí
2284,3,245346.69,2017-12-29,Sí
2285,3,19446.25,2016-02-08,Sí
2286,5,146077.08,2020-06-26,Sí
2287,2,186388.76,2020-08-20,Sí
2288,4,70806.11,2019-12-08,Sí
2289,1,64029.26,2022-08-29,Sí
2290,2,24482.92,2021-04-30,No
2291,5,32540.77,2016-05-10,Sí
2292,2,167619.98,2023-11-20,Sí
2293,3,131250.55,2017-10-21,Sí
2294,3,17217.33,2020-04-22,Sí
2295,4,242718.82,2023-07-22,No
2296,1,167451.01,2015-07-26,Sí
2297,1,133712.46,2024-04-16,Sí
2298,5,75453.82,2017-02-27,Sí
2299,4,167943.73,2018-01-30,Sí
2300,1,97400.29,2025-02-26,No
2301,3,178598.6,2025-05-19,Sí
2302,4,173817.26,2023-06-26,Sí
2303,2,32258.51,2017-12-21,No
2304,4,228222.57,2023-07-04,Sí
2305,4,126873.82,2023-12-31,Sí
2306,1,104306.79,2016-01-12,Sí
2307,5,239310.91,2019-07-06,Sí
2308,5,115170.23,2016-09-04,No
2309,1,183093.02,2025-03-19,Sí
2310,1,167232.75,2020-02-13,No
2311,1,49633.62,2016-10-06,Sí
2312,5,247874.27,2015-07-24,Sí
2313,1,121265.04,2016-09-29,Sí
2314,2,104747.82,2020-02-04,Sí
2315,2,230707.24,2023-02-09,Sí
2316,3,137017.2,2017-04-02,Sí
2317,2,179218.47,2015-07-21,Sí
2318,4,213099.05,2022-11-11,Sí
2319,3,66518.65,2016-09-07,Sí
2320,2,50671.98,2023-07-05,No
2321,4,26441.63,2022-05-17,No
2322,2,225311.99,2017-12-25,Sí
2323,4,58088.1,2021-06-09,No
2324,1,83860.97,2023-05-06,Sí
2325,4,78593.66,2024-07-16,Sí
2326,1,83101.12,2021-05-30,No
2327,4,170334.67,2019-07-17,Sí
2328,4,238987.25,2021-09-05,No
2329,2,89068.82,2016-08-23,Sí
2330,4,107835.32,2020-09-23,Sí
2331,2,195075.28,2021-01-29,Sí
2332,4,113761.11,2019-11-07,Sí
2333,5,232250.26,2016-11-22,Sí
2334,3,130772.33,2017-02-21,Sí
2335,2,93456.37,2019-01-01,Sí
2336,2,243177.4,2024-07-09,No
2337,1,112187.65,2017-01-21,No
2338,5,65481.97,2020-12-25,Sí
2339,1,52648.2,2024-09-20,Sí
2340,5,248843.52,2015-11-15,Sí
2341,5,190717.05,2025-04-06,Sí
2342,4,108078.35,2018-01-22,No
2343,1,208327.2,2022-09-04,Sí
2344,3,141233.47,2016-03-20,Sí
2345,5,86173.5,2024-03-31,No
2346,5,188412.59,2016-03-26,No
2347,2,189014.74,2016-01-06,Sí
2348,4,130040.62,2022-06-06,Sí
2349,3,20838.0,2020-03-01,Sí
2350,5,28485.4,2019-02-03,Sí
2351,2,199299.87,2020-05-19,Sí
2352,1,207634.33,2016-10-05,Sí
2353,5,172789.54,2019-11-15,Sí
2354,2,211376.46,2018-05-20,Sí
2355,1,182676.99,2021-05-14,Sí
2356,4,225264.31,2018-12-07,Sí
2357,1,46095.59,2019-06-05,Sí
2358,5,103057.97,2025-02-03,Sí
2359,3,121386.59,2017-03-01,Sí
2360,1,81439.31,2022-09-03,Sí
2361,3,184087.95,2022-12-15,Sí
2362,3,228985.32,2022-08-29,No
2363,1,108995.73,2019-11-29,Sí
2364,4,235970.07,2019-05-25,Sí
2365,1,134024.54,2025-02-09,Sí
2366,2,135403.75,2019-05-25,No
2367,3,154052.69,2022-06-30,Sí
2368,5,74399.46,2022-04-01,Sí
2369,3,102006.52,2019-12-30,Sí
2370,5,142776.99,2019-10-05,Sí
2371,2,236075.89,2015-10-15,Sí
2372,2,164246.22,2021-11-16,Sí
2373,2,89947.97,2018-11-15,Sí
2374,1,12512.46,2021-08-04,Sí
2375,3,245599.76,2019-12-22,Sí
2376,5,128316.29,2024-10-15,Sí
2377,2,235238.84,2017-12-07,Sí
2378,2,141842.86,2024-06-15,Sí
2379,5,155311.57,2023-07-02,Sí
2380,3,180858.94,2020-10-23,Sí
2381,3,87034.18,2015-08-16,Sí
2382,5,177756.15,2024-01-30,No
2383,4,136430.06,2021-10-16,Sí
2384,3,171395.19,2016-08-30,Sí
2385,5,210599.98,2022-01-29,Sí
2386,5,54214.99,2018-01-14,Sí
2387,2,157252.22,2021-05-16,Sí
2388,5,22506.72,2021-12-10,Sí
2389,1,34507.62,2017-01-11,Sí
2390,2,171902.62,2025-03-09,No
2391,2,27025.04,2021-09-25,Sí
2392,3,152885.87,2019-03-20,Sí
2393,4,62803.02,2015-07-24,Sí
2394,3,82980.36,2015-09-01,Sí
2395,1,41112.76,2021-08-23,Sí
2396,2,69680.2,2018-07-05,Sí
2397,2,207110.03,2022-06-10,Sí
2398,5,163330.82,2021-08-21,No
2399,4,237942.35,2016-05-28,Sí
2400,4,21698.77,2015-10-20,Sí
2401,5,200178.88,2021-05-19,Sí
2402,1,177778.52,2020-02-29,Sí
2403,4,72614.15,2022-05-23,Sí
2404,2,185000.01,2024-05-06,Sí
2405,1,181971.65,2017-08-31,Sí
2406,3,120242.85,2022-08-27,Sí
2407,3,175273.51,2019-02-24,Sí
2408,1,116699.42,2017-10-15,No
2409,2,90530.94,2020-02-20,Sí
2410,3,121957.83,2019-09-16,Sí
2411,2,224831.08,2022-12-25,No
2412,5,102300.11,2016-12-24,Sí
2413,4,106885.16,2016-11-29,Sí
2414,1,156016.77,2018-10-21,Sí
2415,4,190719.87,2023-08-16,No
2416,5,186309.01,2024-07-01,Sí
2417,3,14751.7,2023-08-05,No
2418,2,174979.68,2020-01-07,Sí
2419,2,118132.97,2024-07-11,Sí
2420,5,135781.59,2023-10-05,Sí
2421,1,144799.2,2016-11-29,Sí
2422,4,185612.71,2018-02-08,Sí
2423,3,209519.92,2017-01-22,Sí
2424,1,165102.63,2023-08-13,Sí
2425,5,145337.73,2021-06-28,Sí
2426,5,99704.62,2020-01-01,Sí
2427,2,43090.77,2020-04-20,Sí
2428,3,240058.64,2016-04-22,Sí
2429,1,120842.15,2022-09-23,Sí
2430,2,145890.94,2019-05-14,No
2431,3,190257.55,2020-06-04,Sí
2432,4,26418.52,2017-02-28,Sí
2433,4,215202.64,2021-10-28,Sí
2434,2,201286.18,2021-04-15,Sí
2435,1,195862.86,2017-03-29,Sí
2436,3,15275.85,2021-11-01,Sí
2437,4,136364.52,2021-11-07,Sí
2438,4,23024.41,2022-06-18,No
2439,1,142209.42,2021-08-07,Sí
2440,2,182427.6,2017-10-05,Sí
2441,5,39244.06,2016-06-07,Sí
2442,3,176771.95,2021-09-01,Sí
2443,4,117887.88,2018-05-21,Sí
2444,5,204772.7,2017-10-09,Sí
2445,1,138061.35,2015-10-31,Sí
2446,2,90669.17,2024-02-18,No
2447,3,89677.98,2015-07-25,Sí
2448,1,225396.76,2024-01-30,Sí
2449,2,118689.18,2020-09-01,Sí
2450,1,107380.94,2016-09-01,Sí
2451,4,19569.67,2017-05-01,Sí
2452,4,97437.91,2023-05-02,Sí
2453,5,213910.49,2021-02-11,Sí
2454,1,192637.04,2023-06-28,Sí
2455,4,63019.17,2018-08-30,Sí
2456,2,109133.59,2016-01-31,Sí
2457,5,57179.12,2017-12-12,No
2458,3,239012.04,2015-11-28,Sí
2459,1,153548.29,2018-05-11,Sí
2460,4,191045.15,2020-09-18,Sí
2461,2,181314.08,2020-09-14,Sí
2462,1,219685.45,2019-05-17,Sí
2463,2,237838.67,2019-04-22,Sí
2464,5,17787.08,2018-02-20,Sí
2465,4,244072.28,2022-11-19,Sí
2466,4,218930.19,2023-08-01,Sí
2467,5,101907.38,2023-04-10,Sí
2468,2,210896.62,2021-01-20,Sí
2469,1,186773.92,2021-12-15,Sí
2470,2,200347.45,2020-07-28,Sí
2471,1,62965.85,2018-10-14,Sí
2472,5,165655.29,2015-08-18,Sí
2473,3,16222.21,2018-06-10,Sí
2474,1,213574.99,2024-09-09,Sí
2475,4,238250.31,2018-06-21,No
2476,4,168909.63,2019-04-09,Sí
2477,4,133040.72,2022-05-12,Sí
2478,2,184175.46,2022-03-31,Sí
2479,2,88326.71,2024-07-08,Sí
2480,2,160333.07,2021-07-14,Sí
2481,4,182553.51,2018-02-14,Sí
2482,1,44243.39,2021-05-10,Sí
2483,4,43616.32,2021-01-02,No
2484,1,181873.16,2018-08-24,Sí
2485,2,113627.8,2019-04-23,Sí
2486,3,223408.36,2023-05-17,Sí
2487,2,84865.33,2023-01-01,Sí
2488,5,20183.38,2024-12-23,Sí
2489,1,165970.25,2024-01-03,Sí
2490,3,174217.41,2024-01-31,Sí
2491,2,142861.99,2017-05-22,No
2492,3,173999.83,2019-04-23,No
2493,4,135701.04,2025-04-01,Sí
2494,1,176231.88,2017-11-03,Sí
2495,5,20544.98,2019-12-28,Sí
2496,4,98415.37,2020-12-08,Sí
2497,3,60596.06,2016-04-23,Sí
2498,2,33838.27,2022-07-28,No
2499,1,66182.23,2022-12-02,Sí
2500,5,55914.55,2017-06-24,Sí
2501,2,243551.53,2019-08-06,No
2502,5,78771.02,2021-03-29,No
2503,1,65430.15,2023-07-16,Sí
2504,3,210369.88,2024-10-11,Sí
2505,5,110587.89,2024-01-09,Sí
2506,1,111151.71,2016-06-14,Sí
2507,5,116461.71,2022-09-26,Sí
2508,2,109968.28,2015-12-22,Sí
2509,5,88375.71,2020-10-03,No
2510,2,78721.47,2023-11-06,Sí
2511,2,221670.32,2018-11-03,Sí
2512,1,48809.76,2018-05-18,Sí
2513,4,53454.96,2023-06-22,Sí
2514,5,147212.58,2022-01-20,No
2515,3,92478.06,2019-07-28,Sí
2516,2,111167.05,2020-05-21,Sí
2517,4,203571.19,2015-09-26,Sí
2518,2,226871.45,2024-09-13,Sí
2519,4,199732.88,2017-10-05,No
2520,4,66382.78,2022-03-11,Sí
2521,3,245193.11,2021-03-01,Sí
2522,4,97162.36,2019-05-30,Sí
2523,3,50576.09,2015-10-03,No
2524,1,129879.21,2023-01-08,Sí
2525,2,184068.58,2018-06-07,Sí
2526,3,29985.01,2019-09-20,Sí
2527,2,162228.86,2019-03-24,Sí
2528,5,215938.7,2020-01-17,Sí
2529,1,72827.56,2021-08-11,Sí
2530,5,176349.57,2024-12-18,No
2531,5,105978.07,2024-06-16,Sí
2532,4,109392.43,2022-08-16,Sí
2533,4,77395.37,2018-04-24,Sí
2534,5,159854.51,2022-03-02,Sí
2535,4,96639.82,2016-11-05,Sí
2536,2,209416.72,2021-07-17,Sí
2537,4,241097.3,2021-11-13,Sí
2538,5,234421.04,2022-04-05,Sí
2539,4,49150.81,2019-05-16,Sí
2540,4,13405.67,2018-04-27,Sí
2541,3,115232.4,2021-05-24,Sí
2542,3,184932.09,2021-01-07,Sí
2543,5,244589.26,2021-05-21,No
2544,2,198021.35,2020-05-14,Sí
2545,1,149331.84,2019-02-12,Sí
2546,1,16324.7,2019-11-21,Sí
2547,5,208129.77,2016-03-20,Sí
2548,2,52514.81,2017-06-24,Sí
2549,2,23345.56,2021-08-10,Sí
2550,2,214086.12,2023-03-18,Sí
2551,3,145900.21,2022-12-08,Sí
2552,5,40852.38,2017-04-12,Sí
2553,1,102770.24,2024-04-09,Sí
2554,2,30530.0,2024-07-02,Sí
2555,5,163122.59,2023-05-02,Sí
2556,1,77782.54,2021-04-02,Sí
2557,3,217862.59,2022-07-16,Sí
2558,4,95871.05,2023-12-22,Sí
2559,1,128712.13,2020-12-12,Sí
2560,1,25245.62,2016-09-07,Sí
2561,1,76142.23,2022-05-06,Sí
2562,4,172424.15,2020-12-09,Sí
2563,2,186703.06,2020-05-14,No
2564,4,68277.25,2025-04-09,Sí
2565,1,130916.82,2021-05-01,Sí
2566,3,206207.47,2021-10-09,Sí
2567,1,101178.44,2025-04-30,Sí
2568,3,42105.1,2017-10-05,Sí
2569,5,113648.89,2024-08-03,Sí
2570,3,154150.88,2020-01-30,Sí
2571,1,11775.65,2025-04-01,Sí
2572,4,93656.2,2020-11-07,Sí
2573,1,155784.6,2023-11-11,Sí
2574,1,238458.87,2018-01-08,Sí
2575,5,108051.7,2021-01-30,Sí
2576,2,49113.34,2022-10-10,Sí
2577,1,138212.58,2021-12-14,No
2578,5,78580.57,2015-07-15,Sí
2579,4,61547.06,2020-07-04,Sí
2580,5,151696.78,2025-02-22,Sí
2581,5,229812.05,2023-04-21,No
2582,3,210453.81,2016-05-14,Sí
2583,2,53750.21,2018-02-07,No
2584,2,193811.07,2019-12-10,Sí
2585,4,65168.47,2020-11-13,Sí
2586,5,79768.3,2018-07-21,Sí
2587,4,230812.36,2020-09-04,Sí
2588,4,228652.04,2020-05-12,Sí
2589,2,50471.38,2016-04-04,Sí
2590,2,25406.05,2015-08-30,Sí
2591,2,80348.34,2024-10-24,Sí
2592,1,149626.01,2018-02-05,No
2593,5,220454.0,2022-08-27,Sí
2594,4,38520.97,2016-01-13,Sí
2595,5,109590.04,2020-06-13,Sí
2596,4,75219.95,2022-06-18,Sí
2597,4,13582.95,2021-03-18,Sí
2598,4,199227.1,2017-08-04,Sí
2599,4,205188.21,2018-05-02,Sí
2600,3,63094.97,2020-06-04,No
2601,3,46297.66,2019-12-15,Sí
2602,1,44694.6,2021-06-28,Sí
2603,2,121347.33,2020-06-04,Sí
2604,4,69158.94,2016-09-08,Sí
2605,5,132725.35,2024-05-24,Sí
2606,3,102364.42,2025-05-25,Sí
2607,2,60613.67,2021-06-10,Sí
2608,1,190286.03,2024-01-03,Sí
2609,2,46087.33,2017-05-29,Sí
2610,4,201736.56,2020-05-30,Sí
2611,2,144747.13,2016-09-17,No
2612,4,209688.91,2024-10-07,Sí
2613,3,11142.17,2021-10-26,No
2614,3,189805.24,2021-01-16,Sí
2615,4,22363.74,2025-01-04,No
2616,5,238023.69,2019-05-05,Sí
2617,3,178657.48,2024-07-07,Sí
2618,5,86841.35,2022-05-07,Sí
2619,4,86764.12,2023-08-30,Sí
2620,4,216758.17,2023-04-24,Sí
2621,3,226681.63,2022-11-12,Sí
2622,5,223977.59,2020-05-24,Sí
2623,4,204097.67,2017-04-05,Sí
2624,3,206567.69,2016-12-31,No
2625,4,147464.3,2018-11-15,Sí
2626,2,16775.45,2024-12-07,Sí
2627,2,30825.59,2022-03-21,Sí
2628,3,165892.78,2017-08-26,Sí
2629,4,106279.64,2024-12-10,Sí
2630,3,146154.31,2020-06-24,Sí
2631,1,65458.63,2019-05-26,Sí
2632,3,165860.12,2022-01-18,Sí
2633,3,68279.09,2020-08-01,No
2634,2,120595.07,2018-04-22,Sí
2635,2,124892.78,2022-11-21,Sí
2636,4,52640.38,2021-06-23,Sí
2637,3,220289.85,2024-06-12,Sí
2638,3,136197.05,2017-01-10,Sí
2639,4,218028.11,2018-09-29,No
2640,5,73008.57,2024-05-08,Sí
2641,4,51360.63,2018-05-01,Sí
2642,2,14324.0,2020-08-25,Sí
2643,2,32527.52,2024-01-11,No
2644,3,45392.95,2023-07-06,Sí
2645,2,28925.33,2017-07-24,Sí
2646,4,225251.03,2024-04-10,Sí
2647,3,228745.19,2018-12-14,Sí
2648,4,234967.04,2019-06-24,Sí
2649,4,240366.6,2024-04-06,Sí
2650,3,128040.4,2015-07-08,Sí
2651,5,137205.91,2018-06-04,Sí
2652,2,41399.3,2022-10-31,Sí
2653,1,42892.49,2018-02-15,No
2654,1,195461.55,2021-09-15,Sí
2655,1,215374.98,2025-01-07,Sí
2656,2,198331.46,2023-10-24,Sí
2657,5,210298.21,2024-01-03,Sí
2658,4,76376.88,2015-06-22,No
2659,3,121855.79,2016-10-31,Sí
2660,5,120207.85,2022-04-17,Sí
2661,1,248868.02,2018-11-09,Sí
2662,2,237802.72,2020-01-17,Sí
2663,2,153636.67,2025-05-15,Sí
2664,3,43113.55,2021-09-18,Sí
2665,4,72063.05,2017-05-15,Sí
2666,5,97302.77,2017-02-03,Sí
2667,5,219570.8,2016-04-05,Sí
2668,5,50951.79,2019-11-25,No
2669,4,62739.26,2022-08-13,Sí
2670,4,93852.33,2021-10-02,Sí
2671,4,232458.45,2015-10-10,Sí
2672,3,130914.9,2015-08-24,Sí
2673,2,165240.65,2021-03-25,Sí
2674,1,102933.59,2021-02-13,Sí
2675,4,55245.31,2020-04-28,Sí
2676,2,63472.13,2018-02-27,Sí
2677,4,202641.09,2017-11-05,Sí
2678,1,224435.69,2020-03-08,Sí
2679,4,128338.16,2018-03-05,Sí
2680,2,95678.69,2018-10-05,Sí
2681,3,203880.43,2020-10-14,Sí
2682,1,171542.75,2015-11-04,No
2683,2,19809.75,2025-03-29,No
2684,5,94177.82,2023-11-07,Sí
2685,5,173721.51,2025-01-21,Sí
2686,5,147683.16,2017-03-22,Sí
2687,3,244736.15,2021-10-19,Sí
2688,4,217867.69,2016-08-11,Sí
2689,4,24337.22,2019-01-24,Sí
2690,4,184184.56,2019-07-24,Sí
2691,3,90718.39,2016-08-27,Sí
2692,5,173699.85,2022-07-28,Sí
2693,4,158133.9,2016-01-09,Sí
2694,3,130732.06,2023-08-16,Sí
2695,3,214707.89,2023-12-15,Sí
2696,2,180085.57,2020-07-12,No
2697,4,223493.23,2025-05-27,Sí
2698,5,77584.9,2020-01-12,Sí
2699,1,93550.61,2018-04-01,Sí
2700,3,159268.32,2020-12-02,Sí
2701,2,241951.46,2018-06-05,Sí
2702,1,99179.7,2018-10-07,No
2703,3,17750.48,2016-01-20,Sí
2704,2,117013.11,2020-09-04,No
2705,4,140543.1,2022-04-29,Sí
2706,2,202236.98,2018-08-08,Sí
2707,3,184864.12,2017-06-05,Sí
2708,4,241519.04,2020-04-15,Sí
2709,5,197843.86,2020-03-03,Sí
2710,2,81670.82,2018-07-16,Sí
2711,1,163931.27,2019-05-06,Sí
2712,4,171337.89,2019-05-15,Sí
2713,4,249524.92,2025-05-12,Sí
2714,5,43297.1,2015-10-05,Sí
2715,2,55918.12,2021-05-05,No
2716,1,47323.27,2022-03-22,Sí
2717,5,151374.43,2024-04-10,Sí
2718,2,42472.26,2022-04-22,Sí
2719,1,167441.85,2019-02-23,Sí
2720,1,202905.77,2024-01-23,No
2721,3,113870.3,2023-04-18,Sí
2722,1,144564.42,2023-02-22,Sí
2723,2,229053.3,2020-01-04,Sí
2724,5,146695.82,2022-07-05,Sí
2725,5,60065.33,2020-12-16,No
2726,3,92366.51,2019-02-25,Sí
2727,2,137162.99,2021-09-05,Sí
2728,1,47175.44,2021-02-20,Sí
2729,3,157004.76,2021-07-19,Sí
2730,4,249819.06,2021-01-17,Sí
2731,2,166608.39,2020-03-16,Sí
2732,3,99378.67,2016-07-10,Sí
2733,5,89619.16,2020-07-01,Sí
2734,3,233584.8,2020-08-11,Sí
2735,4,219163.43,2015-07-16,Sí
2736,2,123366.07,2019-08-28,No
2737,3,94819.5,2024-09-13,Sí
2738,1,180511.43,2015-06-19,No
2739,2,85480.59,2023-08-26,Sí
2740,3,38656.78,2020-05-03,Sí
2741,3,84436.53,2016-09-29,Sí
2742,2,114231.04,2015-10-11,Sí
2743,5,71298.73,2020-09-17,Sí
2744,1,62035.29,2021-11-15,Sí
2745,2,11473.64,2019-06-30,Sí
2746,1,161402.27,2015-12-02,Sí
2747,1,157467.75,2024-07-11,Sí
2748,2,55126.06,2018-02-13,Sí
2749,3,236476.02,2016-01-02,Sí
2750,5,108297.02,2019-09-01,Sí
2751,1,16115.06,2019-03-24,Sí
2752,1,62745.26,2016-10-27,Sí
2753,3,176096.2,2015-11-11,Sí
2754,2,58388.78,2017-10-14,Sí
2755,5,22938.99,2018-07-24,Sí
2756,1,158249.49,2018-08-18,Sí
2757,1,134405.15,2019-11-14,Sí
2758,2,192703.8,2024-01-17,Sí
2759,3,195431.53,2021-01-26,Sí
2760,4,240384.46,2025-02-24,Sí
2761,3,23684.21,2016-03-22,Sí
2762,1,19357.46,2016-08-15,Sí
2763,1,246927.29,2017-04-10,Sí
2764,5,164763.49,2021-06-11,No
2765,3,181688.93,2015-12-17,Sí
2766,4,33155.68,2022-11-08,Sí
2767,5,26755.05,2022-12-17,No
2768,4,48460.86,2016-09-26,No
2769,5,112526.94,2021-06-20,Sí
2770,3,36442.28,2016-02-23,Sí
2771,1,117120.1,2022-04-20,Sí
2772,4,144768.62,2016-04-11,Sí
2773,3,10079.91,2024-08-03,No
2774,4,37418.95,2022-05-27,Sí
2775,3,100046.85,2021-09-18,Sí
2776,5,22799.15,2020-07-17,Sí
2777,3,42046.95,2021-09-27,Sí
2778,5,65631.13,2022-01-19,Sí
2779,1,113104.34,2022-08-25,Sí
2780,5,181560.93,2016-05-23,Sí
2781,2,41845.27,2024-09-30,No
2782,1,187110.06,2017-10-05,Sí
2783,3,215214.58,2021-05-06,Sí
2784,3,166354.9,2023-10-02,Sí
2785,2,20494.17,2019-03-22,No
2786,3,115756.88,2023-01-19,No
2787,1,168415.84,2022-11-21,Sí
2788,1,244843.15,2018-04-24,Sí
2789,5,238434.01,2016-03-20,Sí
2790,4,104968.76,2025-05-20,Sí
2791,3,157823.46,2015-08-27,No
2792,2,223795.64,2023-06-19,Sí
2793,1,209451.1,2022-04-26,Sí
2794,1,125061.24,2023-06-13,Sí
2795,1,72697.92,2019-05-16,No
2796,4,42903.99,2022-12-01,Sí
2797,4,127115.24,2016-02-04,Sí
2798,3,183483.01,2022-04-29,Sí
2799,2,242744.73,2015-10-27,Sí
2800,4,216835.58,2019-01-03,Sí
2801,5,59017.83,2015-07-28,Sí
2802,4,182746.75,2023-12-29,Sí
2803,1,79384.3,2023-06-06,Sí
2804,2,174033.42,2019-01-10,Sí
2805,3,169793.31,2024-10-06,Sí
2806,4,75383.34,2020-03-28,No
2807,1,66253.27,2023-09-16,No
2808,5,34945.06,2024-08-16,Sí
2809,5,22129.51,2020-12-16,No
2810,3,216028.25,2016-07-29,Sí
2811,3,21963.85,2021-04-09,Sí
2812,4,31297.88,2019-04-06,Sí
2813,3,67324.49,2018-02-28,Sí
2814,1,223038.0,2024-06-26,Sí
2815,1,89905.69,2025-05-14,Sí
2816,1,56031.89,2022-11-04,Sí
2817,4,181733.32,2021-12-25,Sí
2818,4,86576.74,2016-08-15,Sí
2819,3,90007.99,2019-11-27,Sí
2820,4,187354.38,2016-04-19,Sí
2821,1,70396.68,2022-12-20,Sí
2822,2,225222.41,2024-08-26,Sí
2823,1,144741.2,2019-03-24,Sí
2824,2,139079.61,2019-01-19,Sí
2825,3,73540.54,2019-05-14,Sí
2826,5,210422.64,2021-06-11,Sí
2827,4,147459.89,2019-05-31,Sí
2828,4,47323.97,2024-01-19,No
2829,1,59511.58,2023-12-10,Sí
2830,1,122381.42,2024-12-28,Sí
2831,2,197114.04,2025-02-06,Sí
2832,4,235430.87,2015-08-29,Sí
2833,3,169239.67,2017-03-24,No
2834,1,131474.38,2023-04-10,Sí
2835,4,70175.67,2024-10-27,Sí
2836,5,171488.31,2017-05-27,Sí
2837,2,245737.54,2017-09-27,Sí
2838,1,124293.39,2025-03-21,Sí
2839,1,48914.05,2022-03-05,Sí
2840,3,34801.74,2020-09-29,Sí
2841,1,74621.48,2019-11-07,Sí
2842,4,146666.08,2024-01-23,Sí
2843,4,237233.27,2017-09-07,Sí
2844,4,81799.62,2019-08-16,Sí
2845,5,83293.88,2022-01-15,Sí
2846,5,125483.12,2016-08-13,No
2847,1,230450.16,2020-11-08,Sí
2848,5,110573.21,2015-07-15,Sí
2849,5,63575.05,2021-01-16,Sí
2850,3,49151.42,2015-07-17,Sí
2851,5,119683.69,2020-10-08,Sí
2852,2,202162.58,2019-12-30,Sí
2853,2,79924.58,2019-04-22,Sí
2854,2,133005.43,2024-05-02,Sí
2855,1,154721.99,2016-08-18,Sí
2856,4,118112.9,2015-10-14,Sí
2857,3,56005.66,2021-12-21,Sí
2858,1,231218.96,2024-07-07,Sí
2859,4,145707.82,2018-03-26,Sí
2860,3,184992.25,2022-04-24,Sí
2861,3,162650.32,2023-09-15,Sí
2862,3,249531.53,2017-06-11,Sí
2863,2,119514.43,2018-01-07,Sí
2864,2,111993.37,2021-08-26,Sí
2865,2,96433.57,2024-08-09,Sí
2866,3,96790.83,2019-12-07,No
2867,3,76184.85,2016-11-12,No
2868,2,245351.23,2020-10-23,Sí
2869,3,218987.69,2023-03-09,No
2870,2,86001.52,2023-01-24,Sí
2871,2,83254.97,2020-01-25,Sí
2872,2,34848.16,2024-03-20,Sí
2873,4,220487.41,2025-03-14,Sí
2874,3,99223.85,2016-12-16,Sí
2875,1,147427.69,2020-04-21,Sí
2876,2,226090.65,2017-09-21,Sí
2877,1,107944.16,2024-03-22,Sí
2878,4,203648.33,2015-10-03,Sí
2879,3,113268.55,2025-05-01,No
2880,2,178225.83,2021-10-29,No
2881,2,113484.26,2019-01-23,No
2882,2,104262.19,2016-07-23,No
2883,1,247770.22,2016-02-19,Sí
2884,4,156963.96,2016-05-05,Sí
2885,3,98173.88,2016-11-26,Sí
2886,4,71876.67,2016-12-21,No
2887,2,19543.93,2023-07-14,Sí
2888,4,179575.92,2024-04-07,Sí
2889,1,99317.78,2022-04-03,Sí
2890,5,207101.0,2022-08-03,Sí
2891,5,97328.43,2016-04-03,Sí
2892,3,99599.01,2024-01-29,Sí
2893,3,197003.44,2016-01-11,Sí
2894,4,127472.0,2019-04-06,Sí
2895,3,222374.74,2019-09-11,Sí
2896,1,151632.58,2016-02-23,Sí
2897,2,67754.76,2016-06-30,Sí
2898,2,146385.25,2019-11-28,No
2899,4,10960.4,2021-02-28,Sí
2900,2,84975.37,2015-08-28,Sí
2901,4,59908.56,2021-10-26,Sí
2902,3,167005.09,2018-04-04,Sí
2903,3,42649.26,2020-03-18,Sí
2904,1,79623.39,2021-08-18,Sí
2905,2,89514.05,2015-12-14,Sí
2906,1,10790.37,2017-09-05,Sí
2907,5,21223.98,2018-05-31,Sí
2908,1,84670.27,2017-08-07,Sí
2909,4,63365.55,2024-04-08,Sí
2910,4,38057.62,2022-09-28,Sí
2911,1,46998.8,2019-12-26,Sí
2912,3,210528.87,2017-10-17,Sí
2913,5,173996.7,2017-02-26,No
2914,1,126188.21,2018-02-27,Sí
2915,3,228129.95,2023-03-21,Sí
2916,1,17092.67,2021-09-28,Sí
2917,2,92784.38,2016-10-21,Sí
2918,4,207612.09,2016-04-19,Sí
2919,2,160789.36,2024-12-20,Sí
2920,2,245604.98,2023-01-05,Sí
2921,5,236683.58,2022-07-25,No
2922,3,50786.2,2020-01-25,Sí
2923,4,243276.88,2016-08-09,Sí
2924,2,236928.35,2020-09-11,Sí
2925,4,99666.63,2021-02-11,Sí
2926,3,245891.27,2024-01-08,Sí
2927,1,18602.6,2020-10-21,Sí
2928,2,168580.13,2021-09-16,Sí
2929,3,73875.47,2024-09-04,Sí
2930,4,41071.14,2025-01-22,Sí
2931,3,148608.38,2017-07-12,Sí
2932,1,83524.07,2019-11-17,Sí
2933,3,170038.08,2018-05-04,Sí
2934,4,139595.45,2016-05-22,Sí
2935,2,104221.46,2022-06-03,Sí
2936,2,53637.32,2024-11-08,Sí
2937,5,154300.05,2018-11-21,Sí
2938,4,209015.35,2023-12-31,Sí
2939,5,154001.07,2016-10-07,Sí
2940,5,156525.41,2020-06-29,Sí
2941,1,132840.97,2019-10-10,Sí
2942,4,103177.63,2024-12-18,Sí
2943,2,119789.93,2022-08-20,Sí
2944,4,247490.02,2015-09-11,Sí
2945,1,189920.44,2017-02-01,Sí
2946,4,113334.27,2018-02-04,Sí
2947,4,119751.14,2020-05-18,No
2948,5,129911.68,2024-08-28,Sí
2949,4,168235.41,2016-04-06,Sí
2950,5,121829.98,2015-08-06,Sí
2951,5,174682.99,2022-11-24,No
2952,3,89005.07,2018-09-06,No
2953,1,108553.51,2017-04-28,Sí
2954,5,217372.75,2020-11-26,Sí
2955,4,88937.36,2016-07-16,Sí
2956,5,241464.82,2020-02-27,Sí
2957,5,51401.19,2016-04-20,Sí
2958,5,68003.16,2018-12-23,Sí
2959,2,121283.14,2024-02-18,Sí
2960,2,201378.09,2015-06-21,Sí
2961,2,185578.11,2020-10-22,Sí
2962,2,51871.84,2025-03-15,Sí
2963,3,66804.41,2019-12-15,Sí
2964,5,148063.12,2021-05-05,Sí
2965,3,80839.54,2024-08-25,Sí
2966,4,111358.08,2023-03-11,Sí
2967,1,126782.6,2021-04-19,Sí
2968,3,152619.04,2015-10-09,Sí
2969,2,70252.32,2018-09-27,Sí
2970,2,49153.63,2017-03-04,No
2971,4,105655.21,2020-09-02,No
2972,5,29686.29,2022-05-07,Sí
2973,1,136423.64,2019-12-15,Sí
2974,3,211505.24,2020-07-18,Sí
2975,5,38554.16,2017-10-23,Sí
2976,5,37055.33,2024-02-05,Sí
2977,3,29252.27,2016-03-01,Sí
2978,3,213486.71,2024-09-29,Sí
2979,3,29369.17,2024-02-28,No
2980,3,246030.89,2016-03-14,No
2981,2,95999.51,2016-02-11,No
2982,5,88902.92,2017-04-21,Sí
2983,5,31991.62,2021-02-09,No
2984,2,150553.89,2022-03-01,Sí
2985,5,150611.73,2018-01-08,Sí
2986,3,128513.4,2020-12-13,Sí
2987,1,84644.84,2016-10-07,Sí
2988,5,98459.41,2020-06-17,No
2989,1,86920.81,2022-06-10,Sí
2990,1,112275.14,2016-10-26,Sí
2991,2,92029.15,2022-11-19,Sí
2992,4,172124.16,2025-03-19,No
2993,5,80988.75,2020-02-01,Sí
2994,2,94201.18,2016-09-18,Sí
2995,2,114510.37,2023-02-24,Sí
2996,1,10950.84,2015-09-17,Sí
2997,5,128099.82,2015-12-04,Sí
2998,2,71396.75,2015-09-08,Sí
2999,3,23476.11,2021-10-09,Sí
3000,2,228645.11,2021-10-05,No
